Session_Duration,Viewed_Pricing_Page,Scroll_Depth,Device,Need_Voucher
414,1,1,Mobile,0
228,1,1,PC,0
590,5,0,PC,1
522,9,1,PC,1
198,1,0,Mobile,0
34,1,1,PC,0
168,8,1,PC,1
39,6,0,PC,0
252,0,1,Mobile,0
140,8,1,Mobile,1
457,4,1,Mobile,1
545,0,1,PC,0
186,2,1,PC,1
31,4,0,PC,1
595,7,0,Mobile,0
187,3,1,Mobile,0
123,3,1,Mobile,0
177,7,0,Mobile,0
237,7,0,PC,1
597,6,0,Mobile,1
582,1,0,Mobile,0
372,1,1,Mobile,0
365,8,0,Mobile,0
385,6,0,Mobile,1
208,10,1,Mobile,1
89,4,0,PC,1
436,4,0,PC,1
54,10,1,Mobile,0
260,8,0,Mobile,1
533,9,1,Mobile,1
449,4,1,Mobile,1
248,6,1,Mobile,1
531,8,1,Mobile,1
80,2,1,Mobile,1
541,0,1,PC,0
75,8,0,PC,1
112,9,0,Mobile,0
210,0,1,Mobile,0
452,6,1,PC,1
507,0,0,Mobile,0
11,7,1,Mobile,0
433,1,0,Mobile,0
349,7,1,Mobile,1
590,4,1,PC,0
478,6,0,PC,1
424,3,1,Mobile,1
401,7,0,PC,1
47,10,1,Mobile,1
298,4,1,Mobile,0
543,1,0,Mobile,0
553,6,1,Mobile,1
140,1,0,Mobile,0
187,10,1,PC,1
456,2,0,Mobile,1
516,1,0,PC,0
150,7,1,Mobile,0
221,2,1,PC,1
442,5,1,Mobile,1
319,6,1,PC,0
314,4,0,PC,1
301,10,0,PC,1
498,2,0,PC,0
288,10,1,Mobile,1
188,5,1,Mobile,1
583,2,0,PC,1
27,2,0,Mobile,0
554,4,0,PC,1
302,7,0,Mobile,1
278,4,1,Mobile,1
241,10,0,Mobile,1
589,3,0,Mobile,1
376,7,0,Mobile,1
432,2,0,PC,1
74,10,0,PC,0
30,8,1,Mobile,0
365,3,1,PC,1
233,3,0,Mobile,1
85,10,0,Mobile,1
550,4,1,PC,1
14,6,1,PC,0
364,10,0,PC,1
27,7,0,PC,0
243,4,1,PC,1
260,7,1,Mobile,1
279,8,1,PC,0
256,8,1,PC,1
406,2,1,Mobile,0
297,9,1,PC,1
213,2,1,Mobile,0
481,0,1,PC,0
181,6,0,PC,1
357,9,1,PC,1
236,2,1,Mobile,1
196,0,0,Mobile,0
564,10,1,PC,1
173,0,0,Mobile,0
104,6,0,Mobile,0
410,5,1,Mobile,1
521,10,1,Mobile,1
264,2,0,PC,1
577,4,0,PC,1
128,3,1,Mobile,0
29,1,1,Mobile,0
555,8,1,PC,1
497,6,0,Mobile,0
175,9,0,Mobile,0
158,6,1,PC,1
503,9,1,Mobile,1
171,4,0,Mobile,1
532,9,0,PC,0
433,6,0,PC,1
280,10,1,PC,1
322,1,1,PC,0
87,8,0,PC,0
492,1,0,Mobile,0
227,6,0,Mobile,1
516,4,1,Mobile,1
470,5,1,Mobile,1
231,3,1,Mobile,0
426,8,1,PC,1
280,0,1,PC,0
114,9,0,Mobile,0
63,5,0,PC,1
397,10,1,PC,1
554,2,1,Mobile,0
180,9,1,Mobile,1
100,5,0,Mobile,0
239,0,1,Mobile,0
335,0,1,PC,0
464,4,1,PC,1
318,2,0,PC,0
315,9,1,Mobile,1
404,4,1,Mobile,0
227,0,1,Mobile,0
495,0,0,PC,0
486,8,0,PC,1
570,7,0,Mobile,1
207,9,1,Mobile,1
355,10,1,Mobile,1
456,4,0,Mobile,0
112,3,1,Mobile,0
141,1,0,Mobile,0
404,9,1,Mobile,1
116,7,1,PC,0
329,5,1,Mobile,0
387,7,1,Mobile,1
531,1,1,Mobile,0
124,3,1,Mobile,0
47,10,1,Mobile,1
170,10,0,Mobile,1
97,10,0,Mobile,0
446,0,1,PC,0
128,0,0,PC,0
281,2,1,PC,1
103,4,1,Mobile,0
523,7,1,PC,1
370,5,0,PC,1
328,0,1,PC,0
485,0,0,PC,0
495,5,0,PC,1
331,1,1,Mobile,0
551,0,0,Mobile,0
463,1,1,Mobile,0
118,0,1,Mobile,1
495,9,1,Mobile,0
365,1,0,Mobile,0
543,10,0,PC,1
337,6,0,Mobile,1
247,10,1,PC,0
287,3,1,PC,1
357,3,1,Mobile,0
388,1,1,PC,0
245,2,1,PC,1
40,0,0,PC,1
590,8,1,Mobile,1
469,8,1,PC,1
272,6,1,Mobile,0
372,7,0,Mobile,1
330,5,0,Mobile,1
580,1,1,PC,0
35,9,0,Mobile,0
343,3,1,Mobile,0
103,3,1,Mobile,1
512,4,0,PC,1
215,8,1,Mobile,1
429,2,1,Mobile,1
94,7,1,Mobile,1
235,1,0,PC,0
237,8,1,PC,1
299,9,0,Mobile,1
192,1,0,PC,1
535,8,1,PC,1
424,4,1,PC,1
65,8,1,Mobile,0
540,10,0,PC,1
264,3,0,PC,0
216,4,1,PC,1
582,2,0,PC,0
526,10,1,Mobile,1
109,9,1,PC,0
319,3,0,Mobile,0
521,9,0,PC,1
184,9,1,PC,1
18,0,1,Mobile,0
534,6,1,Mobile,1
35,9,0,Mobile,0
17,7,1,PC,1
429,7,1,PC,0
464,2,0,PC,0
190,8,0,Mobile,0
517,5,1,Mobile,0
328,9,1,Mobile,0
498,10,0,Mobile,1
42,4,1,PC,0
259,10,1,PC,1
552,5,1,PC,1
412,0,0,PC,0
556,5,0,PC,0
399,8,1,Mobile,1
471,0,1,Mobile,0
391,10,0,PC,1
266,2,0,Mobile,1
264,3,0,PC,0
138,1,0,Mobile,0
445,5,0,Mobile,0
125,9,1,Mobile,1
294,1,1,Mobile,0
486,8,0,PC,0
32,1,0,PC,0
101,7,0,Mobile,1
222,6,1,PC,0
258,8,1,Mobile,1
428,3,0,PC,0
92,8,1,Mobile,1
129,9,0,Mobile,1
42,7,1,Mobile,0
538,8,0,PC,1
415,8,0,Mobile,1
507,4,1,Mobile,1
551,3,0,Mobile,1
193,9,1,Mobile,1
144,4,1,PC,1
240,4,0,PC,1
243,1,1,PC,0
336,1,1,Mobile,0
324,10,1,Mobile,1
79,0,1,Mobile,0
434,8,1,Mobile,0
114,8,0,PC,0
575,9,1,PC,1
401,8,0,Mobile,0
350,3,1,PC,0
430,4,0,PC,1
212,4,0,PC,1
520,5,1,Mobile,1
467,10,0,Mobile,1
397,6,0,Mobile,0
270,3,0,Mobile,0
218,8,1,Mobile,0
403,6,1,PC,0
426,5,1,PC,1
309,3,1,Mobile,1
556,0,1,Mobile,0
255,3,0,PC,0
568,10,0,PC,1
503,1,1,PC,0
344,1,0,Mobile,0
335,0,1,Mobile,0
210,3,0,PC,1
89,8,1,Mobile,0
580,10,1,PC,1
176,7,1,PC,1
506,2,0,PC,1
140,10,1,PC,1
390,4,0,Mobile,1
102,8,1,Mobile,1
447,3,0,Mobile,0
50,7,1,Mobile,0
102,10,1,Mobile,1
273,0,1,Mobile,0
384,6,0,PC,1
104,1,0,Mobile,1
226,0,1,PC,0
547,8,0,Mobile,1
370,8,0,PC,1
216,7,0,PC,1
315,1,0,Mobile,0
446,9,0,PC,1
346,8,1,PC,1
121,6,0,PC,1
100,5,1,PC,1
399,2,0,PC,0
146,8,1,Mobile,1
543,10,0,PC,1
590,10,0,Mobile,1
576,3,0,PC,0
489,7,0,Mobile,1
535,1,0,PC,0
82,3,0,PC,1
308,10,0,PC,1
351,6,1,PC,1
377,7,0,PC,1
449,4,0,PC,1
409,10,1,PC,1
521,6,1,PC,1
119,9,1,PC,1
133,3,0,PC,1
459,10,0,PC,0
150,9,0,PC,1
393,4,0,PC,1
151,8,0,PC,1
482,10,0,Mobile,1
92,3,1,Mobile,0
396,7,0,PC,1
540,1,0,PC,0
111,0,0,Mobile,0
209,9,0,Mobile,0
325,1,1,PC,0
286,2,1,PC,0
259,1,1,Mobile,0
600,5,0,PC,1
222,5,0,PC,1
169,5,0,Mobile,1
276,10,1,PC,1
279,6,1,PC,1
508,3,1,Mobile,0
459,9,0,Mobile,1
490,2,0,PC,1
181,8,1,Mobile,1
440,10,0,PC,0
11,4,0,PC,1
318,9,1,PC,1
209,6,0,PC,1
468,9,0,PC,1
200,2,0,PC,0
68,0,0,PC,0
407,3,1,PC,1
415,10,0,PC,1
81,8,0,Mobile,0
508,9,1,Mobile,1
265,8,0,Mobile,1
564,2,0,Mobile,0
63,9,1,Mobile,0
345,2,0,PC,0
191,7,1,Mobile,1
160,9,0,PC,1
471,7,1,Mobile,1
258,1,1,Mobile,0
276,1,0,PC,0
564,10,1,PC,1
249,8,0,PC,1
54,8,0,PC,0
389,4,0,Mobile,0
366,0,0,PC,0
337,6,1,PC,1
317,0,1,PC,0
233,4,0,PC,1
218,8,1,PC,1
591,8,0,PC,1
293,0,0,PC,0
284,4,0,PC,0
400,6,1,Mobile,1
423,0,0,PC,0
466,10,1,Mobile,1
389,7,0,Mobile,0
163,3,1,PC,0
580,1,1,PC,0
266,8,0,Mobile,1
450,0,1,PC,0
483,2,1,Mobile,0
371,6,0,Mobile,1
530,2,0,Mobile,1
83,3,0,Mobile,1
203,10,0,PC,1
303,6,1,Mobile,1
589,4,0,PC,1
52,1,0,PC,0
391,5,0,PC,1
154,8,0,PC,1
167,0,0,Mobile,0
258,9,0,Mobile,1
507,3,0,Mobile,0
486,3,1,PC,0
593,4,1,Mobile,1
590,7,0,PC,1
74,10,0,Mobile,0
243,6,0,Mobile,1
353,10,0,Mobile,1
30,6,0,PC,0
189,2,1,PC,1
353,3,0,PC,0
540,9,0,Mobile,0
67,0,1,Mobile,0
472,2,0,PC,1
376,9,0,PC,1
57,6,1,Mobile,1
451,2,1,Mobile,0
228,4,1,PC,1
355,0,1,PC,0
486,5,1,PC,1
279,1,0,PC,0
518,7,0,Mobile,0
129,9,0,PC,1
338,10,1,PC,1
335,2,1,Mobile,0
38,10,1,Mobile,1
12,1,1,Mobile,0
96,4,0,Mobile,0
462,5,1,Mobile,1
64,9,1,PC,0
420,1,0,PC,0
340,1,1,Mobile,0
505,0,0,Mobile,0
552,7,0,Mobile,1
246,8,1,Mobile,1
257,0,1,Mobile,0
83,3,0,PC,1
158,10,1,Mobile,1
309,10,1,PC,1
146,4,1,Mobile,1
320,0,1,PC,0
27,9,1,PC,1
48,2,0,Mobile,1
186,7,0,Mobile,1
182,7,0,PC,1
229,0,0,PC,0
196,0,1,PC,1
316,1,0,PC,0
231,6,0,Mobile,1
22,6,0,Mobile,1
142,3,0,PC,0
493,6,1,PC,0
522,5,0,Mobile,1
126,7,1,Mobile,1
96,0,0,Mobile,0
494,8,0,Mobile,1
55,1,1,PC,0
307,2,0,PC,0
51,9,0,Mobile,1
174,9,1,PC,1
213,10,0,Mobile,1
306,10,1,PC,1
316,6,1,PC,1
600,1,0,Mobile,0
39,6,0,Mobile,1
186,9,1,PC,0
526,3,0,PC,1
445,10,1,Mobile,1
255,4,1,Mobile,1
51,2,1,PC,1
118,7,0,PC,1
317,0,0,Mobile,1
496,5,0,Mobile,1
375,0,0,Mobile,0
195,7,0,PC,1
209,5,1,Mobile,1
110,9,0,Mobile,1
287,4,0,PC,1
182,3,0,Mobile,0
189,2,0,PC,0
567,1,1,PC,0
399,10,0,Mobile,1
348,2,1,Mobile,1
600,3,0,Mobile,0
511,0,0,PC,0
483,7,0,Mobile,1
263,6,1,Mobile,1
171,10,0,PC,1
313,7,1,Mobile,1
568,9,1,Mobile,1
585,7,0,PC,1
198,9,1,PC,1
384,4,0,PC,0
51,10,0,Mobile,1
20,2,1,PC,0
119,3,1,Mobile,0
522,0,1,PC,1
202,7,0,Mobile,1
149,7,0,PC,1
97,9,0,Mobile,1
265,5,0,Mobile,1
572,6,0,PC,1
458,9,1,Mobile,1
382,6,1,PC,1
312,9,1,Mobile,1
401,5,0,PC,1
461,6,1,PC,1
287,3,1,Mobile,0
10,10,1,Mobile,0
215,10,0,PC,1
342,10,1,PC,1
476,2,0,PC,0
423,2,1,PC,0
24,6,0,Mobile,0
163,3,0,Mobile,0
543,2,0,PC,0
118,9,0,PC,0
547,0,1,Mobile,0
505,3,0,PC,1
300,1,1,PC,1
407,4,0,PC,1
244,2,1,Mobile,0
108,5,1,PC,1
102,4,1,Mobile,0
54,10,1,PC,0
561,7,1,PC,0
164,10,0,PC,1
541,1,0,Mobile,0
47,0,1,PC,0
58,0,1,Mobile,0
473,5,0,Mobile,1
590,0,0,Mobile,0
279,5,0,Mobile,1
510,2,1,Mobile,1
92,9,1,PC,0
513,10,1,Mobile,1
53,1,1,PC,0
305,5,1,PC,0
94,5,0,PC,1
247,6,1,PC,0
587,7,0,PC,1
81,1,1,PC,0
200,5,0,Mobile,1
289,3,0,PC,1
260,9,1,PC,1
336,1,0,PC,1
204,7,0,Mobile,1
20,0,0,Mobile,0
54,0,1,Mobile,0
299,6,1,Mobile,1
16,2,1,PC,0
279,2,0,Mobile,0
70,1,1,PC,0
177,8,1,PC,1
103,5,1,Mobile,0
276,5,0,Mobile,1
326,4,1,PC,1
399,6,0,PC,1
565,6,0,PC,1
32,6,1,Mobile,0
579,5,1,Mobile,1
220,4,1,Mobile,1
134,0,0,Mobile,0
288,3,1,Mobile,1
38,9,1,Mobile,1
119,0,1,Mobile,0
391,4,0,Mobile,1
333,8,1,Mobile,0
572,0,1,Mobile,0
431,3,1,Mobile,0
552,2,1,PC,0
541,3,1,PC,1
509,5,0,Mobile,1
595,5,0,Mobile,1
525,4,1,PC,1
323,2,1,Mobile,0
95,3,0,PC,1
273,3,1,Mobile,0
594,5,0,PC,1
421,8,1,Mobile,1
576,10,1,Mobile,1
273,1,0,Mobile,0
408,8,1,PC,1
291,4,1,Mobile,1
378,6,0,PC,1
265,4,0,Mobile,1
402,7,1,Mobile,0
52,8,0,Mobile,0
78,3,1,Mobile,1
153,0,1,PC,0
246,10,1,PC,1
546,4,1,PC,1
462,9,1,Mobile,0
369,4,1,PC,1
289,1,1,Mobile,1
100,9,1,Mobile,0
463,4,0,Mobile,1
501,10,0,PC,1
309,4,0,Mobile,1
552,8,0,Mobile,1
347,10,0,PC,1
441,5,1,PC,0
557,9,1,Mobile,0
227,7,1,Mobile,1
200,8,1,PC,1
79,7,1,Mobile,0
308,0,0,PC,0
569,9,1,PC,1
512,8,1,Mobile,0
231,3,1,PC,0
578,0,1,Mobile,0
204,3,0,Mobile,1
318,4,0,Mobile,1
192,2,1,Mobile,1
294,6,1,PC,1
537,8,1,PC,1
438,0,1,Mobile,0
236,7,1,PC,0
257,9,1,Mobile,1
247,8,1,Mobile,0
345,0,0,Mobile,0
251,10,0,Mobile,1
96,1,0,Mobile,0
23,5,1,PC,1
218,5,1,PC,1
154,0,0,PC,0
336,4,1,PC,0
219,5,0,Mobile,1
371,1,0,PC,0
473,1,1,Mobile,0
92,8,0,PC,0
483,10,0,PC,1
509,9,0,PC,1
494,3,1,Mobile,1
219,2,0,Mobile,0
489,4,1,PC,1
549,9,0,Mobile,1
484,10,0,PC,0
155,2,0,Mobile,0
315,5,0,Mobile,1
96,0,1,PC,1
455,8,0,Mobile,1
426,4,1,Mobile,1
546,1,0,PC,0
374,1,0,Mobile,0
468,9,0,Mobile,0
330,5,0,Mobile,1
32,10,0,PC,1
121,9,0,Mobile,0
106,10,1,PC,0
404,4,0,Mobile,1
249,8,1,Mobile,1
391,10,1,PC,1
424,9,1,PC,1
371,0,0,Mobile,1
317,5,1,PC,1
494,3,1,PC,0
378,2,0,PC,0
561,2,0,Mobile,1
198,3,1,Mobile,0
271,9,1,Mobile,1
299,1,1,PC,0
17,3,0,Mobile,0
523,6,0,PC,1
219,3,1,Mobile,0
62,2,1,PC,0
240,4,1,PC,1
46,3,1,PC,0
587,4,0,PC,1
560,1,1,Mobile,0
325,4,1,PC,1
476,4,1,PC,1
542,5,0,Mobile,1
70,9,0,PC,1
345,6,1,PC,1
598,5,1,PC,1
109,4,1,PC,1
499,5,1,Mobile,1
312,4,1,PC,0
409,2,1,Mobile,1
475,6,0,PC,1
377,10,0,PC,1
148,5,0,Mobile,0
77,0,0,PC,0
444,7,1,PC,0
143,4,0,Mobile,0
200,6,0,Mobile,1
482,10,0,PC,1
416,9,0,PC,1
25,7,0,PC,1
447,2,1,PC,0
303,8,0,Mobile,1
114,1,1,Mobile,1
510,9,1,PC,1
333,8,1,Mobile,0
263,6,1,Mobile,0
386,3,1,Mobile,1
496,0,0,PC,0
585,0,0,Mobile,0
270,4,0,Mobile,0
225,5,0,Mobile,1
74,2,0,PC,0
73,5,1,Mobile,1
369,0,1,Mobile,0
116,0,1,Mobile,0
230,7,1,Mobile,1
361,1,1,Mobile,0
35,8,0,Mobile,0
517,0,0,Mobile,0
382,7,1,PC,0
565,3,0,PC,1
562,5,1,Mobile,1
43,1,1,Mobile,0
263,10,0,PC,1
273,10,1,PC,1
82,5,1,PC,0
376,0,1,Mobile,0
272,2,0,Mobile,0
404,9,0,Mobile,1
431,0,1,PC,0
276,2,0,PC,0
250,10,1,Mobile,0
387,1,1,Mobile,1
334,5,1,PC,1
374,1,1,Mobile,0
358,8,1,PC,1
237,0,1,Mobile,0
41,1,1,Mobile,0
103,10,1,PC,0
137,5,0,Mobile,0
140,10,0,Mobile,1
344,6,1,PC,1
264,8,0,PC,1
49,6,1,PC,1
93,10,1,Mobile,0
221,4,0,PC,1
561,0,1,Mobile,0
377,5,0,Mobile,1
336,1,1,Mobile,0
231,1,0,Mobile,1
466,10,0,PC,0
442,5,1,Mobile,1
291,2,1,Mobile,1
49,6,0,Mobile,1
354,3,0,PC,0
134,7,1,PC,0
35,9,1,PC,0
75,0,0,PC,0
555,10,0,Mobile,1
47,3,0,PC,1
165,9,0,PC,1
273,2,1,Mobile,0
403,5,0,Mobile,0
28,0,0,PC,0
87,2,1,PC,0
266,0,1,PC,0
99,2,0,Mobile,1
73,0,0,PC,0
341,4,0,PC,1
224,0,0,PC,0
564,3,0,Mobile,1
396,7,1,PC,1
370,4,1,Mobile,1
47,6,0,PC,1
449,7,0,PC,1
138,10,1,PC,1
504,10,1,Mobile,1
298,3,1,PC,1
258,0,1,PC,0
514,4,0,Mobile,1
41,3,0,Mobile,1
215,10,1,PC,1
483,5,0,Mobile,0
509,9,0,Mobile,1
249,9,0,Mobile,1
504,10,1,Mobile,1
517,8,1,PC,1
470,5,0,PC,1
350,7,1,PC,1
239,3,0,Mobile,1
293,2,0,Mobile,1
543,9,1,Mobile,1
557,9,0,PC,0
516,4,0,Mobile,1
509,2,0,Mobile,1
249,5,0,Mobile,1
530,5,0,PC,1
327,3,0,Mobile,0
250,9,1,Mobile,1
411,3,0,PC,0
287,5,1,PC,1
194,5,0,PC,1
258,1,1,PC,0
345,4,0,PC,1
60,6,0,Mobile,0
384,5,1,Mobile,1
169,2,0,PC,1
496,6,0,PC,1
570,1,0,Mobile,0
363,5,0,Mobile,0
497,3,0,Mobile,0
474,10,0,PC,1
17,7,1,Mobile,0
135,7,1,Mobile,1
537,10,1,Mobile,1
364,8,1,PC,1
228,10,1,Mobile,1
570,0,0,Mobile,0
403,4,0,Mobile,0
523,8,0,Mobile,1
302,9,1,Mobile,0
408,4,0,PC,1
582,4,0,Mobile,1
14,8,1,Mobile,0
16,8,1,PC,0
95,8,0,Mobile,0
43,1,1,Mobile,0
240,1,1,PC,0
58,9,1,PC,0
181,9,1,Mobile,0
434,5,1,PC,1
54,3,1,PC,0
28,10,1,PC,0
418,6,0,PC,1
70,0,1,Mobile,0
383,2,0,Mobile,0
284,9,1,PC,1
497,9,0,PC,1
573,1,0,Mobile,0
235,9,0,PC,1
60,2,0,PC,1
527,3,0,PC,0
446,9,1,Mobile,1
589,10,0,PC,1
532,10,1,Mobile,1
131,0,1,PC,0
233,4,0,Mobile,1
132,2,0,Mobile,1
417,7,1,Mobile,1
171,9,1,PC,0
318,1,0,PC,0
39,10,1,Mobile,0
34,1,0,Mobile,0
592,3,1,PC,0
492,9,1,Mobile,0
597,5,0,Mobile,1
127,4,1,PC,1
443,9,0,PC,1
291,0,0,PC,1
164,1,0,Mobile,0
213,10,1,PC,1
104,4,1,Mobile,0
196,0,0,PC,0
370,8,1,Mobile,0
547,5,1,Mobile,0
382,0,1,PC,0
258,8,1,Mobile,1
440,3,1,PC,0
311,6,0,PC,1
162,1,0,PC,0
505,5,0,Mobile,0
243,8,1,PC,1
355,7,1,PC,1
161,6,0,PC,1
160,5,0,PC,1
478,7,0,PC,1
340,7,0,PC,1
387,9,1,PC,1
62,8,1,PC,0
90,3,0,PC,0
302,6,0,Mobile,1
151,2,1,PC,1
428,6,1,PC,1
160,4,0,Mobile,1
41,7,1,Mobile,1
328,9,1,Mobile,1
494,1,0,Mobile,0
339,8,1,PC,1
195,10,0,PC,1
485,7,0,Mobile,1
94,9,0,Mobile,0
314,9,1,Mobile,1
92,0,0,PC,1
194,1,0,Mobile,0
217,10,1,Mobile,1
114,3,1,Mobile,1
276,8,1,PC,1
97,5,0,Mobile,1
357,4,1,Mobile,1
154,2,1,Mobile,1
432,8,1,Mobile,1
395,5,1,Mobile,1
351,0,0,Mobile,0
460,2,0,Mobile,1
489,5,0,Mobile,1
380,2,0,Mobile,0
515,10,0,PC,1
434,7,0,Mobile,1
457,5,0,PC,1
492,8,1,PC,1
278,3,1,Mobile,0
34,1,1,PC,0
319,0,0,Mobile,0
106,6,1,PC,0
48,4,1,Mobile,1
201,0,1,PC,0
453,8,1,PC,0
566,7,0,Mobile,1
541,4,1,Mobile,1
466,0,0,PC,1
339,6,0,PC,1
100,3,0,Mobile,0
282,2,1,PC,1
11,8,0,Mobile,0
313,10,1,PC,0
23,2,1,PC,0
581,1,1,PC,0
510,6,1,PC,1
549,3,1,Mobile,1
149,9,0,PC,1
285,5,0,Mobile,1
56,4,0,Mobile,1
487,8,0,PC,1
183,5,0,Mobile,1
597,0,1,PC,0
595,5,1,PC,1
137,0,1,Mobile,0
548,1,0,PC,0
436,3,0,Mobile,1
370,9,0,Mobile,1
583,7,1,Mobile,1
586,5,1,PC,1
281,7,1,PC,1
63,1,1,PC,0
97,10,1,Mobile,0
419,3,0,Mobile,0
47,5,1,PC,0
347,5,1,Mobile,1
412,7,0,Mobile,1
255,7,1,Mobile,1
417,5,0,PC,1
327,2,1,PC,1
292,9,0,Mobile,1
405,5,0,PC,1
54,0,1,Mobile,0
500,6,1,Mobile,1
280,1,1,Mobile,0
426,9,1,PC,1
200,0,0,Mobile,0
129,10,1,Mobile,1
357,0,1,Mobile,0
82,7,0,Mobile,0
442,10,1,PC,1
318,2,0,Mobile,1
18,2,0,PC,1
49,6,0,Mobile,1
386,7,1,Mobile,1
567,10,1,Mobile,1
568,3,1,Mobile,1
344,0,1,Mobile,0
256,1,0,PC,0
146,5,1,Mobile,1
127,2,0,PC,0
162,0,0,Mobile,0
372,2,1,PC,1
233,3,1,PC,1
172,4,1,PC,1
320,7,1,Mobile,1
526,2,1,Mobile,0
67,2,0,PC,1
447,5,1,Mobile,1
529,0,1,Mobile,0
447,4,0,Mobile,1
460,6,0,PC,0
451,1,1,Mobile,0
214,10,0,Mobile,1
98,7,1,PC,0
67,6,0,Mobile,0
258,7,0,PC,0
330,3,0,PC,0
300,8,0,PC,1
461,3,1,PC,0
72,0,0,Mobile,0
543,9,1,Mobile,1
589,9,0,PC,1
50,5,0,PC,1
26,1,1,Mobile,0
87,7,1,Mobile,1
364,5,1,Mobile,1
33,10,1,Mobile,1
244,3,1,Mobile,0
112,2,0,PC,0
364,2,1,Mobile,0
367,0,1,Mobile,0
141,5,0,Mobile,1
381,8,1,Mobile,1
359,5,1,PC,1
377,9,1,Mobile,1
97,1,1,PC,0
257,2,1,Mobile,1
512,8,1,Mobile,1
440,0,0,PC,0
121,1,1,Mobile,1
531,7,0,Mobile,1
565,6,0,PC,1
514,4,1,PC,1
301,10,0,PC,1
276,6,1,PC,1
213,7,1,PC,1
243,0,1,Mobile,0
223,8,1,Mobile,1
105,3,1,PC,0
182,10,1,Mobile,0
387,1,0,PC,0
337,6,0,PC,1
289,0,1,Mobile,1
398,4,1,Mobile,1
450,8,0,Mobile,1
287,9,0,PC,1
85,1,0,PC,0
497,0,1,Mobile,0
278,10,1,PC,1
584,1,0,Mobile,0
231,9,0,PC,1
387,7,1,PC,1
60,3,0,PC,0
75,5,1,PC,0
575,2,1,Mobile,1
555,2,0,PC,1
129,5,1,Mobile,0
278,9,1,Mobile,1
447,0,0,PC,0
248,2,1,PC,0
445,7,0,PC,1
487,4,0,Mobile,0
361,4,1,Mobile,1
161,5,1,PC,1
180,6,0,PC,1
393,7,1,PC,1
566,2,0,Mobile,0
281,2,0,PC,0
390,1,0,Mobile,0
254,10,0,PC,1
572,5,0,PC,1
397,0,1,PC,0
250,9,0,Mobile,0
577,2,0,Mobile,1
374,9,0,Mobile,0
107,9,1,PC,1
269,8,0,Mobile,1
122,9,0,PC,1
30,5,1,PC,0
390,6,1,Mobile,1
72,2,1,PC,0
356,8,1,Mobile,1
165,4,1,Mobile,1
128,4,1,PC,0
168,0,1,Mobile,1
334,3,1,PC,0
301,2,1,Mobile,0
98,5,0,Mobile,1
570,8,0,PC,1
461,4,1,PC,1
204,0,0,Mobile,0
141,1,0,Mobile,0
84,5,1,Mobile,0
21,8,1,Mobile,1
561,1,1,PC,0
116,5,0,PC,0
458,10,0,Mobile,0
475,0,1,PC,0
111,5,0,PC,0
120,3,0,Mobile,1
188,4,0,PC,1
258,6,1,PC,1
99,2,1,PC,1
27,8,1,Mobile,1
135,0,1,PC,0
534,3,0,PC,0
182,3,1,PC,0
529,4,1,PC,1
30,3,0,Mobile,0
195,4,1,Mobile,1
245,8,0,Mobile,1
400,7,0,Mobile,1
542,2,0,Mobile,1
156,6,1,Mobile,1
268,2,1,Mobile,0
48,10,1,Mobile,0
344,0,0,Mobile,0
564,6,0,PC,1
154,9,1,PC,1
267,7,1,PC,0
35,9,1,Mobile,1
193,9,1,PC,0
233,5,0,Mobile,1
352,0,1,PC,0
372,4,0,Mobile,1
448,5,1,PC,1
481,10,0,Mobile,1
284,9,0,PC,1
404,2,1,Mobile,0
446,8,1,Mobile,1
160,7,1,Mobile,1
550,0,1,PC,1
467,10,1,PC,1
497,6,0,PC,1
558,0,0,PC,0
190,1,1,PC,0
416,3,0,PC,0
110,4,1,Mobile,1
244,7,1,PC,1
468,5,0,Mobile,1
87,5,1,PC,0
379,3,0,Mobile,1
213,6,1,PC,1
151,5,0,PC,1
575,3,0,PC,1
486,4,1,Mobile,1
153,8,0,Mobile,1
158,5,0,PC,1
342,5,1,PC,1
496,2,1,PC,1
252,10,1,Mobile,1
119,2,0,PC,1
459,3,1,PC,1
505,7,0,Mobile,0
473,7,1,PC,0
512,9,1,PC,1
370,1,1,PC,0
282,1,1,PC,0
80,1,1,Mobile,0
571,10,0,PC,1
555,10,0,Mobile,1
177,1,0,PC,0
260,2,1,PC,1
320,8,0,Mobile,1
361,5,1,PC,0
424,3,1,PC,0
496,3,0,Mobile,1
138,0,1,PC,1
313,4,0,Mobile,1
339,2,0,PC,0
140,10,1,Mobile,1
364,1,1,Mobile,0
202,1,0,PC,0
320,9,1,PC,1
418,1,0,Mobile,0
413,2,0,Mobile,0
60,3,0,PC,1
476,10,0,Mobile,1
166,1,0,PC,0
363,3,0,Mobile,1
400,9,1,PC,1
261,5,0,Mobile,1
326,6,1,Mobile,0
14,6,0,PC,1
214,5,1,PC,1
411,5,0,PC,1
275,9,1,Mobile,1
329,8,0,PC,0
576,8,0,Mobile,1
355,10,1,Mobile,1
581,6,0,PC,1
97,10,0,PC,0
537,7,1,PC,1
107,6,1,Mobile,0
117,3,0,PC,0
250,4,0,Mobile,1
532,5,1,PC,0
592,7,0,PC,1
117,0,0,Mobile,0
596,7,0,PC,1
93,5,1,Mobile,0
205,5,0,Mobile,1
475,10,0,Mobile,1
311,3,0,PC,0
585,6,0,PC,1
286,3,1,PC,0
331,10,1,PC,1
511,1,0,PC,0
452,0,0,Mobile,0
512,8,0,Mobile,1
118,6,0,PC,1
237,3,1,PC,0
348,4,1,Mobile,1
118,4,0,PC,1
172,10,0,PC,1
575,1,1,PC,1
99,0,0,Mobile,1
270,7,0,Mobile,0
17,5,1,Mobile,1
475,5,1,PC,0
176,3,0,Mobile,1
191,6,1,PC,1
426,4,0,Mobile,1
174,4,1,PC,1
527,6,0,PC,1
448,10,1,Mobile,1
540,2,0,Mobile,1
176,6,1,PC,1
57,10,1,PC,1
158,1,1,Mobile,0
463,4,1,PC,1
152,3,1,Mobile,1
159,3,0,PC,0
593,7,1,PC,1
530,4,1,Mobile,1
349,7,0,PC,1
258,7,1,Mobile,1
489,7,0,PC,0
272,4,0,PC,1
494,0,0,PC,0
121,10,0,Mobile,0
326,7,0,PC,1
417,10,0,Mobile,1
464,6,0,PC,1
529,9,1,PC,1
343,2,1,Mobile,1
45,5,0,PC,1
447,6,0,PC,1
93,2,0,PC,1
413,0,0,Mobile,0
490,4,1,PC,1
497,3,1,PC,0
579,5,0,PC,1
17,9,0,PC,0
44,0,1,PC,0
161,2,0,PC,0
360,6,0,PC,1
91,8,0,Mobile,1
420,10,0,Mobile,0
374,7,0,Mobile,0
298,6,0,Mobile,1
18,3,0,PC,0
103,1,1,PC,0
555,6,0,PC,1
544,2,0,PC,1
63,9,1,Mobile,1
376,7,0,Mobile,1
113,7,1,Mobile,0
289,2,1,PC,0
473,4,0,Mobile,0
506,1,1,Mobile,0
190,5,0,PC,1
121,2,1,PC,0
518,5,0,PC,0
523,10,1,Mobile,1
164,0,1,Mobile,0
397,2,1,Mobile,0
340,8,1,Mobile,1
453,8,0,Mobile,1
32,6,1,Mobile,0
401,5,1,PC,1
364,2,0,PC,1
138,1,0,PC,0
271,2,0,PC,0
275,0,1,PC,0
170,5,0,PC,0
202,8,1,Mobile,1
57,7,0,PC,1
130,6,1,PC,1
76,6,0,Mobile,1
577,5,1,PC,1
440,3,1,Mobile,0
543,5,1,PC,1
343,9,1,Mobile,1
63,3,0,PC,0
102,3,1,Mobile,0
98,6,0,Mobile,1
479,8,1,Mobile,1
115,10,0,Mobile,0
247,0,1,PC,0
571,7,0,PC,1
451,10,0,Mobile,1
509,5,0,Mobile,1
420,5,1,PC,0
495,2,1,Mobile,0
530,8,1,PC,1
199,7,0,Mobile,1
528,1,0,Mobile,0
114,1,1,Mobile,1
149,0,0,Mobile,1
376,6,0,PC,0
551,4,1,Mobile,1
374,4,0,Mobile,0
437,0,0,PC,1
37,2,1,PC,0
489,9,1,PC,1
350,8,0,PC,1
307,2,0,PC,0
507,0,1,Mobile,0
461,3,1,PC,0
547,0,1,PC,0
156,0,1,PC,0
289,7,0,Mobile,1
86,2,1,Mobile,1
315,6,1,Mobile,1
207,0,0,Mobile,0
489,0,0,Mobile,0
308,9,1,PC,1
363,2,0,PC,0
395,6,1,Mobile,1
320,2,1,PC,0
77,0,1,Mobile,0
151,2,1,Mobile,0
233,2,1,PC,1
378,6,1,PC,1
498,8,1,Mobile,1
525,5,0,PC,0
330,7,0,PC,1
128,8,0,PC,1
18,5,1,PC,1
462,8,0,PC,1
40,4,1,Mobile,0
320,9,0,PC,1
106,3,0,Mobile,1
37,0,0,Mobile,0
443,5,0,PC,0
121,3,0,PC,0
210,6,0,Mobile,1
316,6,1,PC,1
428,8,1,Mobile,0
360,6,0,PC,1
132,0,0,Mobile,0
509,9,1,Mobile,0
578,5,1,PC,0
492,3,1,Mobile,0
586,1,1,PC,0
559,4,1,PC,1
206,0,1,PC,0
28,0,1,PC,0
379,2,1,Mobile,0
472,5,0,PC,1
189,9,1,PC,1
568,8,1,PC,0
23,2,0,PC,0
110,5,0,PC,0
62,5,1,PC,0
442,0,1,PC,0
397,9,0,Mobile,1
246,3,1,Mobile,0
198,3,0,Mobile,0
584,8,0,PC,0
162,7,1,PC,1
419,5,0,PC,1
207,6,1,PC,0
554,2,1,Mobile,1
114,4,1,Mobile,1
435,3,0,PC,1
305,4,1,Mobile,1
18,6,1,PC,0
161,7,1,PC,1
341,7,1,PC,1
165,7,1,PC,1
232,1,0,Mobile,0
443,3,1,Mobile,1
452,2,1,Mobile,0
388,5,1,Mobile,1
230,1,0,PC,0
129,5,1,Mobile,1
40,0,1,Mobile,0
49,2,1,PC,0
444,2,1,Mobile,0
314,1,1,PC,0
593,5,1,PC,1
443,3,1,PC,1
173,0,1,PC,0
518,6,1,PC,1
127,8,1,Mobile,1
24,4,0,Mobile,0
272,4,1,Mobile,1
361,2,0,Mobile,0
524,3,1,Mobile,1
87,2,0,Mobile,1
599,9,1,PC,1
246,7,0,PC,1
81,3,1,Mobile,1
66,10,1,PC,1
532,5,1,PC,1
269,10,1,Mobile,1
416,6,0,PC,0
160,8,0,Mobile,0
143,7,1,Mobile,1
502,9,0,PC,1
556,4,0,PC,1
541,10,1,PC,1
50,0,1,Mobile,0
534,9,0,Mobile,1
597,0,1,PC,0
496,7,1,PC,1
540,5,0,Mobile,1
17,6,0,PC,0
351,10,0,Mobile,1
206,9,0,PC,1
507,0,0,PC,0
277,4,1,Mobile,1
511,2,1,PC,0
526,3,0,PC,0
294,1,0,Mobile,0
28,0,0,PC,0
292,7,1,Mobile,1
431,9,0,PC,1
36,10,0,PC,0
509,4,0,Mobile,1
468,1,1,PC,0
251,10,1,PC,0
375,7,0,PC,0
39,1,1,PC,0
125,2,1,Mobile,1
199,0,0,PC,1
35,2,0,Mobile,0
598,10,0,Mobile,1
134,0,1,PC,0
189,5,0,PC,0
318,9,1,PC,1
395,4,0,PC,0
544,9,0,PC,0
21,7,1,Mobile,0
498,7,1,Mobile,1
370,2,1,PC,0
172,3,0,Mobile,1
136,5,0,PC,1
329,7,1,PC,1
509,0,0,PC,0
537,7,0,Mobile,1
270,4,1,Mobile,0
549,4,0,PC,1
374,4,0,Mobile,1
55,9,0,Mobile,1
462,9,0,PC,1
310,0,0,Mobile,0
524,0,0,PC,0
208,6,1,PC,1
166,5,1,PC,1
566,4,0,Mobile,0
136,0,1,PC,0
512,8,0,PC,1
536,2,0,Mobile,1
458,2,0,Mobile,1
99,2,0,Mobile,1
531,3,1,PC,0
384,10,0,PC,1
144,9,1,Mobile,1
407,0,1,PC,0
530,6,1,Mobile,1
108,10,0,Mobile,0
242,3,0,PC,0
217,9,1,Mobile,0
240,6,1,Mobile,1
109,1,0,Mobile,0
490,6,1,PC,1
345,6,0,Mobile,1
361,7,1,Mobile,1
426,4,0,Mobile,1
339,10,0,Mobile,1
515,7,0,PC,1
255,5,1,PC,1
545,5,0,PC,1
275,4,0,PC,1
476,9,1,Mobile,1
287,7,1,PC,1
490,0,0,PC,0
218,2,0,PC,1
340,2,0,PC,0
495,10,1,PC,1
566,4,1,Mobile,1
500,2,0,PC,0
199,1,1,PC,0
517,3,1,Mobile,1
273,2,0,Mobile,1
242,4,0,PC,1
510,9,1,PC,1
59,9,1,PC,1
568,9,1,PC,1
36,2,1,PC,1
540,10,0,Mobile,1
371,5,0,PC,1
470,0,0,PC,0
379,7,1,Mobile,1
559,0,0,PC,0
541,7,1,Mobile,1
100,9,0,PC,0
19,6,0,Mobile,1
524,9,0,PC,1
131,8,1,Mobile,1
487,10,1,Mobile,1
575,2,0,Mobile,0
289,2,1,PC,0
468,3,1,PC,0
165,6,0,PC,0
572,9,1,Mobile,0
298,5,1,PC,0
358,10,1,Mobile,1
37,4,0,PC,0
196,10,0,PC,1
51,2,0,Mobile,0
398,5,1,Mobile,1
67,6,1,PC,0
466,1,1,Mobile,1
165,4,1,PC,1
437,3,1,Mobile,0
49,5,1,Mobile,0
165,3,1,PC,0
130,8,0,Mobile,1
12,6,0,PC,0
62,2,1,PC,0
575,10,1,PC,1
553,3,1,PC,1
221,5,1,PC,1
599,9,1,Mobile,1
296,10,1,Mobile,1
30,10,0,PC,1
458,2,1,PC,0
117,7,1,Mobile,1
131,2,0,PC,0
581,3,1,PC,1
118,10,0,PC,1
511,4,1,Mobile,1
143,2,1,PC,0
568,9,0,PC,1
328,6,0,Mobile,1
313,9,0,Mobile,0
376,1,1,Mobile,0
361,0,0,Mobile,0
142,10,0,Mobile,1
424,4,1,Mobile,1
29,4,1,Mobile,0
567,2,1,PC,1
293,9,0,Mobile,1
79,0,0,PC,1
132,2,0,PC,1
251,8,0,PC,1
75,6,1,PC,1
39,4,1,Mobile,0
166,7,0,Mobile,1
166,4,1,Mobile,1
480,0,1,Mobile,0
518,0,1,Mobile,0
397,4,0,PC,1
461,1,1,PC,0
219,2,1,Mobile,0
509,4,0,Mobile,1
548,6,0,PC,0
84,7,0,Mobile,0
31,0,1,PC,0
133,0,1,PC,1
467,4,1,PC,1
492,7,0,Mobile,1
552,4,1,Mobile,1
532,2,1,PC,0
202,7,0,PC,1
64,3,1,Mobile,0
545,9,0,Mobile,1
484,10,1,Mobile,1
98,1,0,Mobile,0
450,3,0,Mobile,0
210,4,1,Mobile,1
360,9,0,PC,1
577,10,0,Mobile,1
455,1,1,Mobile,0
97,3,1,Mobile,0
497,5,0,Mobile,1
434,2,1,PC,0
158,7,1,PC,0
151,4,1,Mobile,0
143,10,0,PC,1
331,1,1,PC,0
379,4,1,Mobile,1
327,0,0,PC,0
334,2,0,Mobile,1
209,10,0,PC,1
411,10,1,PC,1
531,6,1,PC,0
113,6,0,Mobile,0
272,0,0,PC,1
471,9,1,Mobile,1
197,1,1,PC,0
84,6,1,Mobile,1
216,0,1,Mobile,0
156,4,0,PC,1
414,0,0,Mobile,0
199,2,0,Mobile,1
98,1,0,Mobile,0
150,10,1,Mobile,0
120,7,1,Mobile,1
159,7,0,Mobile,1
230,1,0,Mobile,0
47,2,1,PC,0
424,4,1,PC,1
593,1,0,Mobile,0
92,9,1,PC,1
265,3,0,Mobile,0
415,6,0,Mobile,1
122,3,0,PC,0
540,4,0,Mobile,1
264,10,0,PC,0
208,3,0,PC,0
274,5,1,PC,0
22,10,0,Mobile,0
534,10,1,PC,1
500,4,1,PC,1
95,2,1,Mobile,0
465,10,0,PC,1
227,5,0,Mobile,1
120,6,0,Mobile,0
393,1,0,Mobile,0
187,0,0,Mobile,0
159,0,0,Mobile,0
11,5,1,Mobile,1
147,7,0,PC,0
286,6,0,Mobile,1
582,7,0,Mobile,0
378,8,0,PC,1
270,4,0,PC,1
297,3,1,PC,0
543,2,0,Mobile,1
208,0,0,Mobile,0
57,1,0,PC,0
428,10,1,Mobile,1
578,6,0,Mobile,1
147,7,0,Mobile,0
149,1,0,PC,0
40,8,0,PC,0
560,9,1,Mobile,1
134,4,1,PC,1
358,10,0,Mobile,1
249,10,1,PC,1
255,4,0,PC,1
438,0,0,PC,0
183,8,1,Mobile,1
132,1,1,PC,0
426,3,1,Mobile,0
135,0,0,Mobile,0
562,0,0,PC,0
309,5,0,Mobile,1
314,7,0,Mobile,1
422,1,0,Mobile,0
126,6,0,Mobile,0
387,8,1,Mobile,1
383,6,1,PC,1
334,0,0,Mobile,0
101,7,0,PC,0
248,9,1,Mobile,0
560,2,0,Mobile,0
302,4,0,PC,0
449,6,0,PC,1
52,7,0,PC,0
92,0,1,Mobile,0
448,8,0,PC,1
150,7,1,PC,1
251,5,0,Mobile,0
439,10,1,Mobile,1
98,2,0,PC,0
286,7,1,PC,1
36,8,0,PC,0
539,10,1,PC,1
353,7,1,Mobile,1
121,4,0,PC,0
379,5,0,Mobile,1
156,3,0,Mobile,0
195,6,0,PC,1
326,1,0,Mobile,0
75,4,0,Mobile,1
41,4,1,PC,0
118,0,1,Mobile,0
360,1,0,Mobile,0
276,8,0,PC,1
560,4,1,Mobile,1
87,1,1,PC,0
328,8,0,PC,1
210,3,1,Mobile,0
197,10,1,PC,1
22,1,1,PC,0
253,10,0,PC,0
236,4,0,Mobile,1
475,1,0,PC,0
545,10,1,PC,1
182,10,0,Mobile,1
571,10,0,Mobile,0
423,2,0,PC,0
308,9,0,Mobile,1
493,5,0,Mobile,1
558,3,0,Mobile,1
92,2,1,Mobile,1
361,0,1,PC,0
294,7,1,Mobile,0
461,3,0,PC,1
578,9,0,PC,1
355,4,1,Mobile,1
125,1,1,Mobile,0
99,6,0,Mobile,0
356,1,0,Mobile,0
486,3,1,Mobile,0
387,5,1,PC,1
572,0,1,Mobile,1
186,7,1,Mobile,1
570,1,0,Mobile,0
147,5,1,PC,1
400,1,1,PC,1
518,0,1,Mobile,0
68,6,1,Mobile,1
143,3,0,Mobile,0
529,5,0,PC,1
491,5,1,Mobile,1
103,8,1,Mobile,1
525,5,1,Mobile,1
157,1,1,PC,0
132,5,1,PC,1
227,9,0,PC,1
489,3,0,PC,0
512,0,0,PC,0
303,0,0,PC,0
320,4,0,Mobile,1
306,9,0,Mobile,1
82,9,0,Mobile,0
349,1,0,PC,0
37,6,1,Mobile,0
162,1,0,Mobile,0
477,9,0,PC,1
460,0,1,PC,0
156,7,1,Mobile,1
538,10,0,PC,1
599,7,0,Mobile,1
336,7,1,PC,1
160,4,0,Mobile,0
417,10,1,Mobile,1
561,2,1,Mobile,0
337,10,1,PC,1
513,7,0,Mobile,1
236,2,1,PC,1
500,4,1,PC,1
470,6,1,PC,1
104,4,1,PC,0
66,3,1,Mobile,1
574,7,0,PC,0
51,8,0,Mobile,1
540,8,0,PC,0
240,4,1,PC,1
349,2,1,Mobile,0
577,4,0,Mobile,1
494,1,0,Mobile,0
29,2,0,Mobile,0
76,3,1,Mobile,0
36,8,1,Mobile,0
529,7,1,Mobile,0
406,4,0,Mobile,1
76,1,1,PC,0
297,3,0,Mobile,0
92,5,1,Mobile,0
431,8,0,Mobile,0
443,7,1,PC,1
301,4,0,Mobile,1
260,6,0,PC,0
170,1,0,PC,0
550,1,0,PC,0
554,4,1,Mobile,1
80,6,1,Mobile,0
251,5,0,Mobile,0
243,10,1,PC,1
582,7,0,Mobile,1
283,4,0,PC,0
285,2,0,PC,0
378,4,0,PC,1
394,4,0,PC,1
247,4,0,PC,1
95,3,0,PC,1
477,8,1,Mobile,0
103,10,0,Mobile,0
104,4,1,Mobile,0
379,5,1,PC,0
576,9,1,PC,1
261,10,1,PC,1
269,1,1,Mobile,0
231,2,1,Mobile,1
190,8,1,Mobile,1
55,10,1,PC,0
557,8,0,PC,1
311,2,0,PC,0
154,1,1,PC,0
189,7,1,PC,1
136,7,0,PC,0
292,8,1,Mobile,1
260,10,0,PC,1
243,4,1,PC,0
237,0,1,Mobile,0
171,4,1,PC,1
530,9,1,PC,1
583,6,1,PC,1
341,1,1,PC,0
535,10,1,PC,1
568,3,0,Mobile,1
114,6,1,PC,1
88,8,1,Mobile,1
559,8,0,Mobile,0
133,1,0,PC,0
427,7,1,PC,1
418,5,0,PC,1
584,4,1,Mobile,1
545,6,0,PC,1
529,6,1,Mobile,1
475,8,1,PC,1
494,3,0,Mobile,1
449,0,0,Mobile,0
191,4,1,PC,1
521,3,0,PC,1
364,5,1,Mobile,1
66,2,0,PC,1
146,6,0,Mobile,0
553,7,0,PC,1
161,8,0,PC,1
404,3,1,Mobile,0
493,8,1,PC,1
299,9,1,Mobile,1
440,7,1,Mobile,1
368,3,1,Mobile,1
416,3,0,PC,1
367,2,1,Mobile,0
317,0,1,PC,0
597,6,0,PC,1
148,2,0,Mobile,1
166,7,1,Mobile,1
469,0,1,Mobile,0
54,4,1,PC,1
547,9,0,Mobile,1
29,3,0,Mobile,1
478,5,0,PC,0
556,8,0,PC,1
56,1,0,PC,0
328,6,1,Mobile,0
372,2,1,Mobile,1
63,8,1,PC,1
560,8,0,PC,1
148,3,1,PC,1
501,3,1,Mobile,0
574,0,0,PC,0
586,5,0,PC,1
271,0,0,Mobile,0
497,0,0,PC,0
541,4,0,PC,1
447,6,1,Mobile,1
401,5,1,PC,1
54,3,1,PC,1
30,5,1,Mobile,0
297,6,1,Mobile,1
330,3,1,PC,0
559,9,1,PC,1
486,8,0,Mobile,1
70,1,0,PC,0
371,10,1,Mobile,1
456,5,1,Mobile,1
233,2,0,PC,0
478,5,1,Mobile,1
211,2,0,Mobile,0
272,4,0,Mobile,1
165,7,1,Mobile,1
153,10,0,Mobile,1
255,0,1,Mobile,0
118,4,0,Mobile,1
480,0,1,Mobile,0
231,4,1,Mobile,1
334,7,0,Mobile,1
469,6,1,Mobile,1
130,9,1,PC,1
204,8,0,Mobile,1
433,5,0,Mobile,1
431,0,1,PC,0
15,0,0,PC,0
328,2,1,PC,1
205,10,0,PC,1
368,9,1,Mobile,1
261,0,1,Mobile,0
298,0,1,Mobile,0
29,4,1,Mobile,1
368,10,0,PC,1
559,6,1,Mobile,0
176,0,1,PC,0
465,1,0,PC,0
415,0,1,PC,0
194,3,0,Mobile,1
236,4,1,Mobile,1
115,9,1,Mobile,1
566,9,1,Mobile,1
307,5,0,Mobile,1
318,4,1,PC,1
28,6,1,Mobile,0
438,2,1,Mobile,0
38,2,1,Mobile,1
412,10,1,PC,1
592,6,0,Mobile,1
327,8,1,Mobile,1
270,7,0,PC,1
328,2,1,PC,0
83,9,0,Mobile,0
407,6,0,PC,1
375,3,0,Mobile,0
284,6,0,Mobile,1
166,2,0,PC,1
508,6,0,Mobile,1
579,4,1,PC,1
352,2,1,PC,1
172,8,0,Mobile,1
457,8,1,PC,1
108,0,1,PC,0
197,9,1,Mobile,0
491,10,0,Mobile,1
300,10,0,PC,0
39,2,1,PC,0
502,7,1,PC,1
409,5,0,Mobile,1
128,2,1,PC,1
120,10,1,Mobile,1
191,10,0,Mobile,1
60,5,0,Mobile,0
274,2,0,PC,0
184,9,1,Mobile,1
475,7,0,Mobile,0
294,8,0,PC,1
358,3,1,PC,1
506,0,1,Mobile,0
22,0,1,PC,1
186,5,1,PC,1
493,2,1,Mobile,1
234,6,0,Mobile,1
585,5,1,Mobile,1
314,6,1,Mobile,1
151,2,0,PC,1
487,10,0,PC,1
221,4,0,Mobile,0
423,7,0,PC,1
588,5,1,Mobile,1
336,9,0,PC,0
279,6,1,PC,1
317,2,0,PC,0
584,5,0,Mobile,1
511,7,1,PC,1
334,2,1,PC,0
142,1,1,Mobile,0
287,5,1,PC,1
421,1,1,Mobile,0
190,8,0,PC,1
105,4,0,Mobile,1
433,0,0,PC,1
190,6,0,PC,0
379,9,1,Mobile,1
433,2,0,Mobile,1
455,1,0,PC,0
477,5,1,PC,1
276,10,1,Mobile,1
398,7,1,PC,1
362,10,1,PC,1
392,4,1,Mobile,1
261,10,0,PC,1
537,2,0,Mobile,1
309,9,0,Mobile,1
514,2,0,Mobile,0
266,2,1,Mobile,1
581,10,0,Mobile,0
177,0,0,PC,0
362,6,1,PC,1
363,7,0,PC,1
263,6,0,Mobile,1
446,0,0,Mobile,0
524,4,1,Mobile,1
126,10,0,PC,1
460,7,0,Mobile,1
31,7,1,Mobile,0
362,10,1,PC,0
460,8,1,Mobile,1
188,1,0,Mobile,0
509,6,0,PC,1
41,8,1,Mobile,1
123,0,0,PC,0
431,4,0,Mobile,1
422,10,0,PC,0
536,5,1,PC,0
74,5,0,PC,1
343,0,1,Mobile,1
276,1,1,PC,0
397,2,0,PC,1
210,8,0,PC,1
254,10,1,PC,0
177,0,1,PC,0
256,6,1,Mobile,1
160,8,1,Mobile,1
539,0,1,Mobile,0
207,7,0,Mobile,1
197,6,1,PC,1
454,8,0,Mobile,0
21,9,0,PC,0
178,2,1,Mobile,1
599,5,0,PC,1
246,1,0,Mobile,0
560,9,1,Mobile,1
31,3,0,PC,1
235,7,0,Mobile,1
436,7,1,PC,0
376,5,0,Mobile,1
427,7,0,PC,1
75,2,1,Mobile,1
131,0,0,PC,1
331,3,1,Mobile,1
407,10,1,PC,1
169,0,0,PC,0
11,6,1,Mobile,1
227,1,0,Mobile,0
437,9,0,PC,1
413,9,0,PC,0
556,7,1,Mobile,1
183,5,1,Mobile,0
67,4,0,Mobile,1
309,3,0,PC,1
124,4,1,PC,1
365,4,1,PC,1
249,6,0,Mobile,1
582,0,1,Mobile,1
591,8,1,PC,1
24,6,1,Mobile,1
527,7,0,PC,1
453,6,1,PC,1
466,3,1,PC,0
146,6,1,Mobile,0
525,0,0,Mobile,1
505,2,1,Mobile,0
419,7,1,PC,1
506,3,0,Mobile,0
316,6,1,PC,1
21,5,1,Mobile,0
223,5,0,PC,1
173,1,0,Mobile,0
196,8,0,Mobile,1
519,2,1,PC,1
154,0,1,PC,0
589,1,1,PC,0
468,6,1,Mobile,1
102,3,1,Mobile,0
98,7,1,PC,0
591,3,1,PC,1
228,10,0,Mobile,1
244,7,0,PC,1
46,10,0,PC,0
315,5,1,PC,1
122,9,0,PC,1
254,3,0,Mobile,0
54,1,0,PC,0
200,4,1,Mobile,1
472,2,1,Mobile,1
86,7,0,PC,0
223,0,0,Mobile,0
525,9,0,PC,1
246,8,0,PC,1
346,8,1,Mobile,1
416,9,1,PC,1
517,2,0,Mobile,0
225,1,1,Mobile,0
250,9,0,PC,0
411,10,0,Mobile,0
492,5,1,PC,1
271,7,1,Mobile,1
345,9,1,PC,0
287,5,1,Mobile,1
483,6,1,Mobile,0
97,10,0,PC,1
493,6,1,Mobile,1
341,3,1,Mobile,0
109,10,1,Mobile,1
465,3,1,Mobile,0
188,3,0,PC,0
121,3,1,PC,0
512,5,0,PC,1
181,0,0,Mobile,0
44,5,0,PC,1
281,1,0,Mobile,0
35,1,0,Mobile,1
322,6,0,PC,1
255,2,1,PC,1
558,7,1,PC,1
250,3,1,PC,1
234,10,0,Mobile,1
40,3,0,Mobile,0
471,0,0,PC,0
135,6,1,Mobile,1
543,0,0,PC,0
273,6,0,Mobile,1
124,10,1,Mobile,1
454,7,1,Mobile,1
344,0,1,Mobile,0
60,3,1,Mobile,0
393,3,1,PC,1
388,10,1,Mobile,1
502,9,1,Mobile,1
45,3,1,PC,0
151,3,1,PC,0
318,3,0,PC,0
12,10,0,Mobile,0
62,8,0,Mobile,0
133,5,0,Mobile,0
69,6,0,Mobile,1
102,3,0,PC,1
300,7,0,PC,1
561,3,0,PC,1
448,9,0,Mobile,1
198,6,0,Mobile,1
55,1,1,Mobile,0
223,9,0,PC,1
28,10,1,PC,1
541,9,0,PC,1
384,6,0,PC,1
480,4,0,PC,1
36,6,0,Mobile,1
441,9,0,Mobile,1
378,6,1,PC,0
508,0,0,Mobile,0
379,5,1,Mobile,1
460,6,0,PC,1
425,6,1,PC,1
521,0,1,Mobile,0
476,4,1,PC,1
56,9,1,Mobile,1
288,8,1,Mobile,1
222,2,0,Mobile,0
81,10,0,Mobile,0
471,8,0,Mobile,1
554,8,1,Mobile,1
522,6,1,PC,1
134,0,0,PC,0
106,0,1,PC,0
92,0,1,Mobile,1
600,6,1,PC,1
481,2,0,PC,0
10,4,0,Mobile,0
31,8,1,Mobile,0
471,9,1,PC,1
163,10,0,Mobile,1
196,1,0,PC,0
304,1,1,PC,0
457,8,1,Mobile,1
143,0,0,Mobile,0
453,4,1,Mobile,1
253,6,0,PC,1
328,3,1,Mobile,1
331,10,1,PC,0
539,6,1,PC,1
278,10,1,PC,1
204,2,0,PC,1
293,10,0,PC,1
338,6,1,Mobile,1
393,7,1,Mobile,1
123,1,1,Mobile,0
115,6,0,Mobile,0
201,0,1,PC,0
343,4,0,Mobile,1
260,1,0,Mobile,0
17,7,1,Mobile,0
421,1,1,Mobile,0
19,2,0,Mobile,0
342,4,1,Mobile,1
101,10,1,Mobile,1
362,1,1,PC,0
377,2,1,PC,1
152,7,1,PC,1
554,7,0,PC,1
130,10,0,Mobile,0
126,10,1,Mobile,0
520,3,1,Mobile,0
531,0,0,Mobile,0
396,2,0,Mobile,0
484,5,1,Mobile,0
206,4,1,PC,1
358,2,1,Mobile,0
511,1,0,PC,0
228,8,1,Mobile,0
596,0,0,PC,0
283,1,1,PC,0
183,3,0,Mobile,0
165,2,0,Mobile,0
338,1,0,PC,0
233,3,0,Mobile,1
279,9,0,PC,1
592,9,0,PC,1
55,10,0,PC,0
160,1,1,Mobile,0
72,9,0,Mobile,0
260,3,1,PC,0
517,2,1,Mobile,0
188,2,1,PC,0
555,2,0,Mobile,1
527,2,0,PC,0
510,9,1,Mobile,1
578,6,1,PC,0
220,9,1,PC,1
557,1,1,PC,0
498,7,0,Mobile,1
203,2,0,Mobile,0
180,6,0,Mobile,1
545,9,1,PC,1
231,7,1,PC,1
159,10,0,PC,1
178,2,0,PC,0
283,10,0,Mobile,0
330,1,0,PC,0
375,7,1,Mobile,1
300,6,1,Mobile,1
452,7,0,Mobile,0
575,9,1,PC,1
104,8,0,PC,0
377,5,0,Mobile,1
36,2,1,PC,0
116,2,1,PC,1
600,3,0,Mobile,1
177,7,0,PC,1
426,10,0,PC,1
583,0,0,Mobile,0
14,10,1,PC,1
242,2,0,Mobile,1
179,0,0,PC,0
127,4,0,PC,1
253,10,1,Mobile,1
84,9,1,PC,0
149,10,1,Mobile,1
119,0,1,Mobile,0
425,2,1,Mobile,0
329,2,0,Mobile,1
157,2,1,PC,1
92,10,1,Mobile,0
465,8,0,Mobile,1
428,5,0,PC,1
590,4,1,Mobile,1
589,4,1,PC,1
453,5,0,PC,1
569,4,1,Mobile,0
157,4,0,Mobile,1
585,0,1,PC,0
405,3,1,PC,1
480,1,0,PC,0
591,1,0,PC,1
312,6,0,PC,1
331,4,1,PC,1
458,5,1,Mobile,1
59,0,1,Mobile,0
373,6,0,PC,1
259,8,0,Mobile,1
437,6,0,Mobile,1
472,9,0,PC,1
42,2,0,Mobile,1
160,8,0,PC,1
44,2,0,Mobile,1
188,2,1,PC,0
530,1,0,PC,0
590,6,1,PC,1
467,0,0,Mobile,0
506,2,0,Mobile,1
260,4,0,PC,1
587,0,0,Mobile,0
41,0,0,Mobile,1
262,10,1,Mobile,1
557,5,1,Mobile,1
363,9,1,PC,1
175,8,0,Mobile,1
117,4,0,PC,1
334,9,0,Mobile,1
467,7,0,Mobile,0
119,3,1,PC,0
498,0,1,Mobile,0
456,4,1,PC,1
189,7,1,PC,1
312,1,1,PC,0
503,5,0,PC,1
217,8,0,Mobile,1
140,9,0,PC,1
597,0,1,PC,0
318,6,0,Mobile,1
214,9,0,PC,1
414,9,1,Mobile,1
266,2,1,PC,1
512,6,0,PC,0
121,2,0,PC,0
534,0,0,PC,0
31,4,0,PC,1
484,2,1,PC,0
171,7,0,PC,1
210,3,0,PC,0
587,4,1,PC,1
325,8,1,PC,1
215,8,0,PC,1
19,5,1,Mobile,0
33,6,0,PC,0
505,7,1,Mobile,1
429,4,1,PC,1
21,4,1,PC,1
506,3,0,PC,1
569,5,0,PC,1
303,2,1,PC,0
75,7,1,Mobile,0
585,8,1,Mobile,1
549,8,0,PC,1
37,8,1,PC,0
116,0,1,Mobile,0
290,3,0,Mobile,0
461,10,1,PC,1
168,7,0,Mobile,0
588,10,0,Mobile,0
599,6,1,Mobile,1
135,8,1,Mobile,1
560,5,1,Mobile,1
93,0,0,Mobile,0
76,2,1,Mobile,0
278,4,0,PC,1
160,8,1,PC,1
394,9,1,PC,1
414,5,0,Mobile,1
362,3,1,PC,1
479,4,0,PC,1
80,4,1,Mobile,1
361,7,1,PC,1
342,9,0,PC,1
155,9,1,Mobile,1
587,0,0,PC,0
329,9,1,Mobile,1
152,10,0,Mobile,1
542,8,1,Mobile,1
342,10,0,PC,1
441,5,0,PC,1
162,0,1,PC,0
32,8,0,Mobile,0
287,1,0,Mobile,0
335,0,0,Mobile,0
367,1,1,Mobile,0
286,3,1,PC,0
384,9,0,Mobile,1
599,2,1,PC,1
240,6,0,PC,1
409,6,1,Mobile,1
344,6,1,PC,1
508,0,0,Mobile,0
368,6,1,Mobile,1
365,0,1,PC,0
15,10,1,Mobile,0
458,1,1,Mobile,0
303,1,0,Mobile,0
327,9,1,PC,1
517,8,1,Mobile,1
386,0,1,Mobile,0
133,9,1,Mobile,1
548,3,0,PC,1
370,1,1,PC,0
81,2,1,PC,0
42,8,0,Mobile,0
580,0,0,Mobile,0
322,10,0,Mobile,1
544,4,0,Mobile,1
278,6,0,Mobile,1
154,6,0,PC,1
418,8,0,Mobile,0
534,8,1,Mobile,1
581,4,0,PC,1
384,3,1,PC,0
497,4,0,Mobile,1
437,3,1,Mobile,0
474,4,1,Mobile,1
510,8,1,Mobile,1
572,6,0,Mobile,1
406,9,0,Mobile,1
367,8,1,PC,1
171,10,1,Mobile,1
48,10,0,PC,1
379,6,1,Mobile,1
463,10,0,Mobile,1
261,1,0,PC,0
526,1,1,Mobile,0
64,6,1,PC,0
197,4,0,PC,1
505,10,0,PC,1
394,7,0,PC,1
286,5,0,PC,1
369,1,0,PC,0
74,10,1,Mobile,0
316,2,0,PC,0
471,10,0,Mobile,1
89,8,0,PC,0
339,6,0,Mobile,1
420,1,0,PC,0
232,10,1,PC,1
543,3,0,Mobile,1
393,0,0,PC,0
133,8,1,Mobile,1
507,6,0,PC,1
471,8,1,PC,1
349,6,0,Mobile,1
84,4,0,Mobile,0
12,2,0,Mobile,0
151,0,0,Mobile,0
438,0,0,Mobile,0
590,10,0,PC,1
583,4,1,PC,1
204,9,1,Mobile,1
394,3,1,Mobile,0
452,2,1,PC,0
246,4,0,Mobile,1
104,4,1,Mobile,0
547,2,1,Mobile,0
330,9,1,PC,1
424,0,1,PC,0
402,2,1,PC,1
136,1,1,PC,0
156,3,1,Mobile,0
225,7,0,PC,1
524,2,1,Mobile,0
457,5,0,PC,1
30,1,0,Mobile,0
368,1,1,PC,0
121,5,1,PC,1
502,1,0,Mobile,0
137,6,1,Mobile,1
596,5,0,PC,1
406,9,1,Mobile,1
315,2,1,PC,0
134,5,1,PC,0
277,10,1,Mobile,0
148,2,1,PC,1
482,4,1,PC,1
130,4,0,Mobile,1
195,5,1,Mobile,1
536,9,1,PC,0
369,0,1,PC,0
572,4,1,PC,1
394,3,0,Mobile,1
501,6,1,PC,1
479,8,1,Mobile,1
291,6,1,PC,1
449,7,1,Mobile,1
306,0,0,Mobile,0
318,5,1,PC,1
119,8,1,PC,0
404,1,1,Mobile,0
238,9,0,PC,1
472,2,1,PC,1
400,0,1,Mobile,0
210,2,0,Mobile,1
17,6,0,PC,0
180,7,1,Mobile,1
241,9,1,PC,1
212,2,1,Mobile,0
105,7,1,PC,0
495,8,1,PC,0
68,8,1,Mobile,0
235,10,1,Mobile,1
528,3,1,PC,0
121,5,0,PC,0
149,6,1,PC,1
490,9,1,PC,1
448,6,1,PC,1
120,7,1,PC,0
513,4,1,Mobile,1
222,1,1,Mobile,0
575,4,1,Mobile,1
525,8,1,Mobile,1
413,3,0,Mobile,0
315,0,1,PC,1
462,7,1,Mobile,1
279,4,0,Mobile,1
562,2,0,Mobile,1
502,1,1,PC,0
50,7,0,PC,1
581,0,1,PC,0
104,3,1,PC,1
199,10,0,PC,1
99,0,0,PC,0
146,6,0,Mobile,1
328,3,0,Mobile,0
171,2,0,Mobile,0
274,3,1,PC,1
14,5,1,PC,1
206,4,1,PC,0
116,0,0,Mobile,1
225,4,1,Mobile,1
293,4,0,Mobile,1
142,10,1,Mobile,1
107,5,0,Mobile,0
188,4,0,Mobile,1
239,1,0,PC,0
501,5,1,Mobile,1
542,7,1,Mobile,0
158,7,1,PC,1
15,5,0,PC,0
521,8,1,Mobile,1
508,0,1,PC,0
81,9,0,PC,0
191,3,0,PC,0
226,10,1,Mobile,1
552,6,0,Mobile,0
238,9,1,Mobile,1
76,5,1,PC,1
368,5,1,PC,1
145,3,1,Mobile,0
202,9,0,Mobile,1
279,1,0,PC,0
507,2,0,PC,0
16,8,0,PC,1
166,1,0,PC,0
92,7,1,PC,1
402,10,0,Mobile,0
159,3,0,PC,1
92,0,0,PC,0
489,2,0,Mobile,1
335,3,0,PC,0
62,0,1,Mobile,0
282,4,0,Mobile,1
217,9,1,PC,1
81,9,1,PC,0
574,2,1,PC,1
362,7,1,Mobile,1
138,0,1,Mobile,0
278,10,1,Mobile,1
230,1,0,PC,0
191,5,0,Mobile,1
487,5,0,PC,0
53,6,0,Mobile,0
273,1,0,PC,0
193,2,0,PC,0
160,8,1,PC,1
339,4,0,Mobile,1
541,10,1,PC,1
325,0,0,PC,0
576,6,1,Mobile,1
403,5,1,Mobile,1
532,9,0,Mobile,1
284,3,0,Mobile,0
75,9,0,Mobile,0
536,5,0,PC,1
586,5,0,PC,1
427,6,0,Mobile,0
526,4,0,PC,1
45,9,1,Mobile,0
422,0,1,Mobile,0
441,7,0,Mobile,1
511,0,0,PC,0
586,6,0,Mobile,1
316,8,1,PC,1
154,10,0,PC,1
550,9,1,PC,1
380,0,0,PC,1
259,10,1,PC,1
203,2,0,PC,1
142,8,0,Mobile,1
327,7,0,Mobile,1
374,6,0,Mobile,1
285,5,0,PC,1
546,3,1,PC,0
213,4,1,Mobile,1
353,4,1,Mobile,1
450,1,1,Mobile,0
345,10,1,PC,1
286,0,0,PC,0
307,4,1,PC,1
432,6,0,Mobile,1
114,10,1,PC,0
351,5,1,PC,1
337,5,0,PC,0
110,4,1,PC,0
347,3,0,PC,0
462,4,0,PC,1
512,0,0,PC,0
212,0,1,PC,0
58,1,0,Mobile,0
390,1,0,Mobile,0
374,10,0,Mobile,1
117,2,1,PC,0
548,4,0,Mobile,1
120,3,1,PC,0
456,8,0,Mobile,1
479,0,1,PC,0
11,10,0,Mobile,1
164,2,0,Mobile,0
464,4,1,Mobile,1
491,10,1,Mobile,1
36,5,1,Mobile,0
73,8,1,Mobile,0
428,2,1,PC,0
554,8,0,PC,1
474,2,0,Mobile,0
227,6,0,PC,1
471,1,1,Mobile,0
43,9,0,Mobile,0
107,1,1,PC,0
506,7,0,PC,1
424,10,0,PC,1
269,4,1,PC,1
260,4,0,PC,1
479,5,0,Mobile,1
402,6,1,Mobile,1
332,0,0,Mobile,0
453,4,1,Mobile,0
195,0,1,Mobile,0
118,1,0,Mobile,0
243,0,0,Mobile,1
431,7,0,Mobile,1
339,9,0,PC,1
70,9,1,Mobile,1
351,9,0,PC,1
424,7,1,Mobile,1
84,6,1,Mobile,0
161,7,1,PC,1
189,7,1,PC,0
259,6,0,Mobile,0
286,10,1,Mobile,0
224,1,0,Mobile,0
19,7,0,Mobile,1
147,3,0,Mobile,1
344,2,1,Mobile,1
589,10,0,Mobile,1
156,8,0,Mobile,1
567,1,1,Mobile,0
343,5,1,PC,1
130,3,1,Mobile,0
333,8,1,PC,0
262,3,0,Mobile,1
363,10,0,PC,1
317,4,0,Mobile,1
301,2,1,Mobile,1
497,1,0,Mobile,0
337,7,1,Mobile,1
199,7,0,PC,1
572,7,0,PC,1
526,4,0,PC,1
217,6,1,Mobile,1
270,7,1,Mobile,0
341,4,0,PC,0
23,1,1,PC,0
152,2,1,PC,0
333,7,1,Mobile,1
191,10,1,Mobile,1
512,6,1,Mobile,1
342,1,1,PC,0
339,1,1,PC,0
102,4,0,PC,0
522,5,1,PC,1
125,6,0,Mobile,1
493,2,1,PC,0
283,3,0,PC,1
522,8,0,PC,0
325,6,1,PC,1
179,2,1,Mobile,0
222,2,1,Mobile,0
149,6,0,Mobile,1
32,1,1,PC,0
556,9,1,PC,1
584,9,1,Mobile,0
321,3,1,PC,0
198,6,1,Mobile,1
583,7,0,Mobile,1
106,6,1,PC,0
183,8,0,PC,1
129,4,0,PC,1
369,7,1,Mobile,1
270,1,0,Mobile,0
81,9,0,Mobile,0
183,8,0,Mobile,1
220,5,1,Mobile,1
471,1,0,Mobile,0
327,3,0,Mobile,0
319,7,1,PC,1
426,4,0,PC,1
110,8,0,PC,0
141,1,1,PC,0
522,7,1,PC,1
115,4,1,PC,0
529,1,0,PC,0
80,10,1,PC,0
18,3,0,Mobile,1
504,9,0,Mobile,0
293,3,0,PC,0
168,9,0,PC,1
309,10,0,PC,1
101,3,1,Mobile,1
296,8,0,PC,1
583,1,1,Mobile,0
223,10,0,Mobile,0
344,4,0,PC,1
450,3,1,PC,0
367,7,1,PC,1
57,0,0,Mobile,0
460,5,0,PC,1
384,0,0,PC,0
291,2,1,PC,0
519,8,0,Mobile,1
72,5,1,Mobile,0
204,9,1,PC,1
334,3,0,Mobile,0
457,4,0,PC,0
559,0,0,Mobile,0
117,9,0,PC,1
554,8,1,Mobile,0
36,8,0,Mobile,1
310,1,0,Mobile,0
582,8,0,PC,1
233,9,0,PC,0
364,3,1,PC,0
367,2,0,PC,0
158,8,1,PC,0
127,8,0,PC,1
596,8,1,PC,1
79,7,1,Mobile,1
413,8,0,PC,1
271,1,1,PC,0
297,5,0,PC,1
293,2,1,Mobile,1
353,9,1,PC,0
502,3,1,Mobile,0
200,2,1,PC,0
289,10,1,Mobile,1
305,6,0,PC,1
436,1,1,PC,0
383,2,0,PC,0
576,7,0,Mobile,1
495,7,0,Mobile,1
212,1,0,Mobile,0
176,6,0,Mobile,0
223,0,0,PC,0
201,0,1,PC,0
504,1,1,PC,0
422,4,1,Mobile,1
200,8,0,PC,1
239,6,1,Mobile,1
70,5,1,PC,0
65,10,0,Mobile,1
53,2,0,Mobile,0
87,5,1,Mobile,1
269,9,1,Mobile,1
457,6,1,Mobile,1
489,5,1,Mobile,1
369,1,1,Mobile,0
289,10,1,Mobile,1
483,5,1,PC,1
302,0,0,Mobile,0
387,8,0,Mobile,1
572,9,0,PC,1
159,3,0,Mobile,0
446,10,0,Mobile,1
368,5,1,PC,1
173,9,1,PC,1
296,1,0,Mobile,1
272,5,0,PC,1
261,8,1,Mobile,1
315,4,0,Mobile,1
92,3,1,PC,0
148,3,0,PC,0
169,10,0,Mobile,1
495,0,1,Mobile,0
497,0,0,PC,0
66,5,0,PC,1
504,5,1,Mobile,0
334,8,0,Mobile,1
588,5,0,Mobile,1
196,7,1,Mobile,1
456,8,1,Mobile,1
437,4,0,Mobile,1
135,8,1,Mobile,1
405,8,0,Mobile,1
156,5,1,PC,1
15,4,1,Mobile,1
458,4,0,Mobile,1
245,9,0,Mobile,1
18,10,1,Mobile,0
197,5,0,PC,1
308,1,0,Mobile,0
47,8,1,PC,1
512,3,1,PC,0
81,0,1,PC,0
42,5,1,Mobile,0
379,6,1,Mobile,1
118,2,0,PC,1
92,3,0,Mobile,0
583,4,0,Mobile,1
403,7,0,PC,1
590,0,1,PC,0
84,3,0,PC,0
266,2,1,PC,0
201,8,1,PC,1
366,10,1,PC,1
345,1,0,PC,0
53,3,0,PC,0
358,4,0,PC,1
380,6,0,PC,1
572,1,0,Mobile,0
443,7,1,Mobile,1
453,10,0,PC,1
287,8,0,PC,1
218,1,0,PC,0
81,9,1,Mobile,0
556,6,0,Mobile,1
243,3,0,PC,1
69,2,0,PC,0
25,0,0,PC,0
594,7,0,Mobile,0
449,4,0,PC,1
152,1,0,PC,0
77,5,0,Mobile,0
142,10,1,Mobile,1
196,4,1,PC,1
120,6,0,Mobile,0
514,10,1,Mobile,0
36,1,0,PC,0
337,9,0,PC,1
445,4,1,PC,1
182,5,1,Mobile,1
358,10,0,PC,1
347,10,0,PC,1
34,10,0,Mobile,1
477,3,0,PC,1
98,3,0,PC,1
588,1,0,PC,0
158,3,0,Mobile,0
162,7,1,Mobile,1
228,8,1,Mobile,1
582,7,0,PC,1
127,7,0,PC,1
276,8,0,PC,1
499,1,0,PC,0
25,6,1,Mobile,0
101,4,1,Mobile,0
419,5,0,Mobile,1
281,1,0,PC,0
524,5,0,Mobile,0
550,3,1,PC,1
49,6,0,PC,0
158,2,1,Mobile,0
382,6,1,PC,1
459,3,1,PC,1
517,8,0,PC,1
127,9,0,PC,0
243,3,1,PC,1
432,6,1,PC,1
45,2,1,Mobile,1
47,8,0,PC,1
323,9,0,Mobile,1
522,3,1,Mobile,0
574,0,0,Mobile,0
350,5,0,Mobile,1
154,2,1,PC,0
380,2,0,Mobile,1
23,7,1,Mobile,0
509,8,0,Mobile,0
42,10,0,Mobile,0
142,4,1,PC,1
503,8,1,Mobile,1
234,8,1,PC,1
179,2,0,PC,1
180,4,0,PC,1
579,4,1,PC,1
550,8,0,PC,1
55,9,0,Mobile,0
288,9,0,PC,1
41,1,0,Mobile,0
429,4,0,PC,1
289,3,1,PC,0
327,9,0,PC,1
186,6,0,Mobile,0
142,8,1,PC,1
550,1,1,PC,0
401,6,1,Mobile,1
217,3,1,PC,1
150,10,1,Mobile,1
591,8,0,PC,0
102,1,0,PC,1
147,10,1,Mobile,1
271,4,1,Mobile,1
27,8,1,PC,1
335,7,1,Mobile,1
313,2,1,PC,0
587,2,1,PC,0
23,8,1,Mobile,0
554,0,0,PC,0
405,2,1,PC,0
302,0,1,PC,0
417,10,0,Mobile,1
106,4,1,PC,1
397,4,0,PC,1
351,5,0,PC,1
594,6,0,Mobile,1
39,0,1,PC,0
233,10,1,Mobile,1
23,7,0,Mobile,0
444,1,1,PC,1
512,0,0,Mobile,1
299,3,1,Mobile,0
206,7,0,PC,1
289,4,0,PC,1
255,7,0,PC,1
427,4,0,PC,1
84,1,1,PC,0
13,4,1,PC,0
538,6,0,Mobile,0
373,1,1,PC,0
93,7,1,PC,0
418,7,0,PC,1
555,1,1,PC,1
460,3,0,PC,0
512,9,0,Mobile,1
201,10,0,PC,1
212,8,0,Mobile,0
543,3,1,PC,1
84,2,1,PC,1
42,5,0,Mobile,0
473,4,0,PC,1
219,4,1,Mobile,1
337,7,1,PC,1
401,2,0,Mobile,1
315,1,0,PC,0
468,10,1,Mobile,1
522,6,1,Mobile,1
565,2,1,Mobile,1
320,3,1,PC,1
357,3,1,PC,0
554,4,0,Mobile,1
244,2,0,Mobile,1
498,10,0,Mobile,1
462,9,1,PC,1
394,7,1,Mobile,0
288,3,1,PC,0
523,8,1,Mobile,1
480,5,1,PC,1
434,1,0,PC,0
55,4,1,PC,0
352,5,1,Mobile,1
179,5,1,PC,1
54,2,1,Mobile,1
83,8,0,PC,0
449,5,0,PC,1
371,3,1,PC,0
104,9,0,PC,0
404,8,0,PC,1
305,1,1,PC,0
454,8,0,Mobile,1
256,7,1,Mobile,1
209,1,1,Mobile,0
474,10,0,Mobile,1
216,8,1,Mobile,1
150,0,0,PC,0
422,6,0,PC,1
463,7,1,PC,1
217,5,1,Mobile,0
327,7,0,Mobile,1
136,6,1,Mobile,1
539,6,1,Mobile,1
471,0,0,Mobile,0
78,10,1,PC,0
579,7,1,Mobile,1
166,1,0,PC,0
500,7,1,Mobile,1
598,8,0,Mobile,1
463,0,0,PC,0
447,9,1,PC,1
375,6,0,PC,1
349,2,1,PC,1
438,3,0,Mobile,0
164,7,0,PC,1
554,7,0,PC,1
19,8,1,PC,0
131,4,1,PC,1
577,3,0,Mobile,0
564,3,0,PC,0
79,3,0,PC,1
312,7,0,PC,1
258,4,0,PC,1
15,2,1,PC,0
292,10,0,PC,1
67,1,0,Mobile,0
419,0,0,PC,0
534,10,0,PC,1
216,3,1,PC,0
463,7,1,PC,1
110,7,1,Mobile,0
155,0,1,PC,0
517,5,0,Mobile,1
406,0,0,PC,0
576,4,0,PC,1
336,8,0,PC,1
205,4,1,Mobile,1
272,0,1,Mobile,1
565,7,0,Mobile,1
235,8,0,Mobile,1
586,10,0,PC,1
322,9,0,PC,1
322,10,0,PC,1
44,7,1,Mobile,0
53,7,0,Mobile,1
121,9,0,Mobile,1
406,6,1,PC,1
44,2,0,PC,1
431,6,0,Mobile,1
490,7,0,Mobile,1
204,10,1,Mobile,1
146,7,0,PC,1
299,3,0,Mobile,1
531,3,0,Mobile,1
66,4,0,Mobile,0
52,1,1,Mobile,0
173,0,0,PC,0
321,7,1,PC,1
282,0,1,PC,0
175,5,0,PC,1
142,8,1,Mobile,1
133,7,1,Mobile,1
135,4,1,Mobile,1
281,9,1,PC,1
201,1,0,PC,0
390,6,1,Mobile,1
498,2,0,Mobile,1
413,6,1,Mobile,1
220,8,1,Mobile,1
33,4,0,PC,1
348,3,0,Mobile,0
194,8,1,Mobile,1
559,5,0,Mobile,1
91,4,0,PC,1
396,3,1,Mobile,1
153,5,0,PC,1
464,2,0,Mobile,0
219,2,0,PC,0
566,10,1,Mobile,1
356,8,1,Mobile,1
367,7,1,Mobile,1
296,10,1,Mobile,1
422,0,1,Mobile,0
361,1,0,Mobile,0
288,2,1,PC,0
10,0,1,Mobile,0
484,3,1,Mobile,0
209,0,1,Mobile,0
596,0,0,PC,0
328,3,0,Mobile,1
587,1,1,PC,0
246,10,1,Mobile,1
486,1,1,Mobile,0
319,10,1,PC,1
315,2,1,PC,0
474,2,0,PC,1
584,6,1,Mobile,1
13,0,1,Mobile,0
267,7,0,PC,1
304,7,0,Mobile,1
509,0,1,Mobile,0
55,10,1,Mobile,0
358,1,1,Mobile,0
136,9,1,Mobile,1
57,3,1,PC,0
72,5,0,PC,0
121,7,0,Mobile,1
41,1,1,PC,0
72,2,0,PC,0
310,3,0,Mobile,1
404,8,1,PC,1
348,0,0,Mobile,0
498,2,1,Mobile,1
46,6,1,Mobile,1
533,8,1,PC,0
284,8,1,PC,0
586,3,1,PC,0
395,7,0,PC,0
20,3,1,PC,1
30,4,0,Mobile,0
153,10,1,PC,1
153,6,1,PC,1
233,9,0,PC,1
390,1,1,Mobile,0
147,5,1,PC,1
588,6,1,PC,1
102,3,1,Mobile,0
450,7,1,Mobile,1
239,0,1,PC,0
413,2,0,Mobile,1
72,8,1,PC,0
328,3,1,Mobile,1
80,7,0,Mobile,0
62,1,1,Mobile,1
113,2,1,PC,1
216,3,0,PC,1
307,1,1,Mobile,1
16,9,1,PC,1
312,10,0,PC,1
360,3,0,PC,0
56,0,0,Mobile,0
281,0,1,PC,0
487,0,1,PC,0
296,9,1,PC,1
112,7,0,PC,0
176,7,0,Mobile,1
303,3,0,Mobile,1
69,10,1,Mobile,0
187,10,0,Mobile,1
46,5,0,PC,1
580,10,1,PC,1
193,3,1,Mobile,0
204,6,0,PC,1
547,2,0,PC,1
340,1,0,Mobile,0
448,5,1,PC,1
236,10,0,PC,1
55,3,0,PC,0
235,7,1,Mobile,1
424,8,0,Mobile,1
369,2,0,PC,0
279,0,1,Mobile,0
243,0,0,PC,0
154,7,1,Mobile,1
287,8,0,Mobile,1
302,6,1,PC,1
413,4,0,Mobile,1
117,1,0,PC,0
562,0,0,Mobile,1
364,3,0,Mobile,0
339,4,1,PC,1
243,7,0,Mobile,1
505,2,1,Mobile,1
460,5,1,Mobile,0
69,10,0,PC,0
330,1,1,Mobile,0
484,7,1,PC,1
466,5,1,Mobile,1
307,0,1,PC,1
94,5,1,Mobile,0
127,1,1,Mobile,0
376,10,0,Mobile,1
482,0,0,PC,0
537,3,1,Mobile,0
359,5,0,Mobile,1
398,8,0,PC,1
235,9,1,Mobile,1
72,10,0,PC,0
61,7,1,Mobile,1
585,2,1,Mobile,0
312,1,0,PC,0
180,3,0,Mobile,0
251,9,1,Mobile,1
47,9,1,PC,1
535,0,1,Mobile,0
509,8,1,PC,1
378,10,1,PC,0
560,2,1,PC,0
66,1,0,Mobile,0
264,7,1,PC,0
364,0,0,Mobile,0
522,4,0,PC,1
532,3,1,PC,0
499,4,0,PC,1
408,1,1,PC,0
542,2,1,Mobile,0
347,1,1,PC,0
570,5,0,PC,1
543,4,1,PC,1
560,7,1,Mobile,1
38,6,1,PC,0
499,5,0,PC,1
484,4,0,Mobile,1
83,3,0,PC,1
318,10,1,PC,1
332,9,0,Mobile,1
495,10,0,PC,1
154,10,0,PC,1
391,4,0,Mobile,1
376,8,0,Mobile,1
337,0,0,Mobile,0
92,0,0,Mobile,0
79,5,1,PC,1
338,9,0,PC,0
162,0,0,PC,0
297,4,0,Mobile,1
135,0,0,PC,0
440,1,1,Mobile,0
89,4,1,PC,0
428,6,1,Mobile,1
433,3,1,Mobile,0
277,4,0,Mobile,1
229,10,0,Mobile,1
32,2,0,Mobile,0
128,10,0,Mobile,1
113,9,0,PC,0
148,4,0,PC,1
342,3,1,PC,1
441,6,1,Mobile,1
173,7,0,Mobile,1
420,2,1,PC,1
121,4,1,PC,1
547,5,1,PC,1
346,0,1,Mobile,0
183,3,0,Mobile,1
190,1,1,Mobile,1
469,5,1,PC,1
25,0,0,PC,0
93,10,0,Mobile,0
462,0,0,Mobile,0
567,0,0,PC,0
98,8,1,Mobile,1
155,9,0,Mobile,1
444,0,0,PC,0
533,8,1,PC,1
159,5,1,PC,1
173,6,1,Mobile,1
188,0,1,PC,0
498,6,1,Mobile,1
526,10,0,PC,1
347,3,1,Mobile,0
592,0,1,Mobile,1
547,4,1,PC,1
205,9,0,PC,1
502,10,0,Mobile,1
513,0,0,Mobile,0
600,6,0,PC,1
329,1,0,Mobile,0
586,0,1,Mobile,0
14,10,1,Mobile,0
333,9,0,PC,1
200,4,0,PC,1
166,7,1,Mobile,1
273,7,1,Mobile,1
54,0,1,Mobile,0
500,2,1,PC,1
227,8,1,Mobile,1
264,6,0,PC,1
103,7,0,PC,0
109,4,1,Mobile,0
477,1,0,Mobile,0
319,3,1,Mobile,1
347,7,0,PC,1
91,1,0,Mobile,0
379,10,1,PC,1
592,2,0,Mobile,0
303,9,1,Mobile,1
96,9,1,Mobile,1
270,8,0,Mobile,1
285,10,0,PC,1
217,7,1,PC,1
92,2,0,PC,0
480,4,1,PC,1
566,2,0,Mobile,0
340,2,0,Mobile,1
14,2,1,Mobile,0
244,1,0,Mobile,1
340,2,1,Mobile,0
413,4,1,Mobile,1
123,4,1,Mobile,1
119,4,0,PC,1
453,5,0,PC,1
309,0,1,Mobile,1
443,2,1,Mobile,0
249,1,1,PC,0
120,6,0,Mobile,0
264,7,0,PC,1
469,3,0,PC,1
11,2,0,Mobile,0
237,9,0,PC,1
408,2,0,PC,0
33,8,0,PC,0
385,1,0,PC,0
436,3,0,PC,0
133,3,0,Mobile,1
257,8,0,Mobile,1
337,5,0,Mobile,1
422,5,0,PC,1
537,5,0,PC,1
460,8,0,PC,1
123,4,0,PC,0
454,5,0,PC,1
362,0,1,PC,0
599,7,1,Mobile,1
245,6,0,PC,1
249,10,0,Mobile,1
46,7,0,Mobile,0
590,4,0,PC,1
413,10,0,PC,1
473,5,0,Mobile,1
153,7,1,PC,1
545,0,0,PC,0
416,2,0,Mobile,1
375,8,0,Mobile,1
36,5,0,PC,1
175,9,0,Mobile,0
494,4,1,Mobile,0
564,6,1,Mobile,1
293,10,1,PC,1
50,6,1,Mobile,1
227,1,1,Mobile,0
564,1,0,Mobile,0
527,1,1,Mobile,0
217,0,0,Mobile,0
362,7,0,PC,0
162,10,0,Mobile,1
286,0,1,Mobile,0
47,2,0,Mobile,0
163,10,0,PC,1
561,10,0,Mobile,1
190,10,1,Mobile,1
360,7,1,Mobile,1
171,4,0,Mobile,0
32,4,0,PC,0
593,5,0,PC,1
126,3,0,Mobile,1
334,8,1,Mobile,1
383,4,0,PC,1
469,4,0,Mobile,1
580,9,0,PC,0
148,6,0,PC,0
95,3,0,PC,1
330,1,0,Mobile,0
534,2,0,PC,1
76,4,1,Mobile,0
385,10,0,PC,0
154,10,1,Mobile,1
259,1,1,Mobile,0
226,1,0,Mobile,0
410,6,1,PC,1
170,7,0,PC,1
132,3,1,PC,0
520,10,0,PC,1
272,2,0,PC,0
288,5,1,Mobile,1
440,2,0,PC,0
86,3,0,Mobile,0
163,10,1,Mobile,1
41,1,0,Mobile,0
389,4,1,PC,0
279,10,1,Mobile,1
223,8,1,Mobile,1
289,2,0,PC,1
552,6,1,PC,1
339,0,1,PC,0
192,3,0,PC,0
584,9,1,Mobile,1
236,7,0,Mobile,0
54,6,1,Mobile,0
10,10,0,PC,0
470,5,0,PC,1
200,9,0,PC,1
540,3,1,PC,0
421,8,0,Mobile,1
506,2,1,PC,1
44,10,1,PC,0
589,5,1,PC,1
249,7,0,PC,1
125,5,0,PC,1
599,5,1,Mobile,1
43,10,1,Mobile,1
63,7,1,Mobile,1
201,1,1,Mobile,1
52,8,1,Mobile,1
193,1,1,Mobile,0
54,4,1,PC,0
449,9,1,PC,1
107,8,1,PC,0
211,2,1,Mobile,1
477,0,1,Mobile,0
342,3,0,PC,0
219,7,1,Mobile,1
369,1,1,Mobile,0
260,9,1,Mobile,1
331,6,1,Mobile,1
45,2,1,PC,0
418,6,0,PC,1
325,2,0,PC,0
310,4,1,Mobile,0
111,2,1,PC,0
21,8,0,PC,0
380,4,0,Mobile,0
98,9,0,PC,0
118,1,1,Mobile,0
270,10,1,Mobile,0
494,7,1,PC,1
297,7,1,Mobile,1
456,4,1,Mobile,1
587,0,1,Mobile,0
398,0,1,Mobile,0
480,10,0,Mobile,1
400,4,0,Mobile,1
182,3,1,Mobile,1
581,6,1,PC,1
479,3,1,PC,1
150,4,0,Mobile,1
270,8,0,Mobile,1
366,7,1,PC,1
126,0,1,Mobile,0
203,10,1,PC,1
538,10,1,PC,1
505,7,0,PC,0
403,10,1,Mobile,1
102,6,1,Mobile,1
182,7,0,PC,1
399,5,1,Mobile,1
238,10,0,Mobile,1
176,10,1,Mobile,1
446,8,1,PC,1
189,7,0,Mobile,1
592,7,1,Mobile,1
406,2,0,Mobile,1
527,9,1,Mobile,1
591,3,1,Mobile,1
358,1,1,Mobile,0
576,1,0,PC,0
520,9,0,PC,0
276,10,0,Mobile,1
81,10,1,Mobile,0
585,2,1,Mobile,0
210,0,0,PC,0
388,9,0,Mobile,1
245,4,1,Mobile,1
128,5,0,PC,0
206,7,0,PC,1
50,7,0,Mobile,1
37,2,1,PC,0
340,2,1,Mobile,0
471,6,0,PC,1
15,3,1,PC,0
294,10,1,Mobile,1
466,2,1,PC,0
44,8,1,Mobile,1
287,0,0,Mobile,0
434,6,1,Mobile,1
425,8,1,PC,1
13,8,0,PC,1
214,0,1,Mobile,0
113,5,0,Mobile,0
502,9,0,PC,1
564,5,0,Mobile,1
239,3,1,Mobile,0
208,2,1,PC,0
176,2,0,Mobile,0
123,5,1,Mobile,0
499,3,1,Mobile,0
471,5,1,Mobile,1
251,4,0,PC,1
597,10,1,Mobile,1
503,7,1,Mobile,0
315,1,1,Mobile,0
171,0,1,PC,0
597,2,1,Mobile,0
101,0,1,PC,0
194,7,1,Mobile,1
53,7,0,Mobile,0
554,4,0,PC,1
297,9,1,Mobile,1
381,8,0,PC,0
400,4,1,PC,0
438,0,0,Mobile,0
462,4,1,Mobile,1
384,6,0,Mobile,1
439,4,1,Mobile,1
111,9,1,PC,1
203,6,1,Mobile,0
391,6,1,PC,1
69,5,0,Mobile,0
111,2,1,Mobile,0
416,7,1,PC,0
399,7,1,PC,0
437,10,0,Mobile,1
531,8,1,PC,1
349,7,1,Mobile,1
477,6,1,Mobile,1
173,9,0,PC,1
150,4,1,PC,1
48,2,1,Mobile,1
573,0,0,Mobile,0
109,9,1,Mobile,0
275,6,0,PC,1
100,8,0,PC,0
446,7,0,PC,1
119,4,1,Mobile,1
489,5,1,PC,1
495,5,1,PC,1
388,9,1,Mobile,1
579,10,0,PC,1
259,6,1,PC,1
41,3,0,PC,0
46,3,1,Mobile,1
377,3,0,PC,0
437,8,0,PC,1
274,0,1,PC,0
84,5,0,Mobile,0
129,4,0,Mobile,1
508,1,0,PC,0
260,10,1,Mobile,1
402,3,0,PC,0
97,3,1,PC,0
482,9,1,Mobile,1
459,3,0,PC,1
22,6,1,Mobile,1
482,0,1,PC,0
327,9,0,PC,1
480,10,0,PC,1
471,5,0,PC,1
215,2,1,PC,1
118,10,1,PC,0
445,6,0,Mobile,1
443,0,1,PC,1
542,6,1,Mobile,0
446,4,1,Mobile,1
66,1,1,Mobile,0
471,3,0,Mobile,0
389,5,1,Mobile,1
385,3,0,PC,0
376,8,0,PC,1
467,2,0,PC,1
97,6,0,PC,0
344,9,0,PC,0
379,9,1,Mobile,1
111,7,0,PC,0
442,6,0,Mobile,1
313,8,0,Mobile,1
445,5,1,Mobile,1
229,5,1,Mobile,1
198,3,1,PC,1
422,10,0,Mobile,1
565,7,0,Mobile,0
39,5,0,PC,0
524,5,0,PC,1
120,6,0,PC,0
515,7,1,Mobile,1
340,1,1,PC,0
421,9,0,Mobile,1
287,0,0,Mobile,0
364,5,0,PC,1
71,2,0,PC,0
441,6,0,Mobile,1
170,5,0,PC,1
252,4,1,Mobile,1
102,5,0,Mobile,1
503,8,1,PC,0
289,0,0,Mobile,0
143,1,1,Mobile,0
178,0,1,Mobile,0
374,5,0,Mobile,1
545,9,1,Mobile,1
87,4,0,Mobile,0
561,5,0,Mobile,1
105,6,0,Mobile,0
594,9,1,PC,0
336,2,0,PC,0
179,4,0,PC,0
443,4,1,Mobile,1
401,6,1,PC,1
235,6,1,Mobile,0
551,2,1,Mobile,1
158,7,0,PC,1
328,2,0,PC,0
586,0,0,PC,0
559,4,0,PC,1
59,7,0,Mobile,1
393,5,0,Mobile,1
488,5,0,Mobile,1
348,4,1,Mobile,1
456,8,0,PC,1
32,2,0,Mobile,1
144,4,0,Mobile,1
488,10,0,PC,1
467,9,1,PC,1
302,4,1,Mobile,1
415,0,1,PC,0
372,1,1,PC,1
379,0,0,PC,0
498,0,1,Mobile,0
211,2,1,Mobile,1
123,10,1,PC,1
415,9,1,PC,0
304,10,1,PC,1
151,1,1,PC,0
76,1,1,PC,0
144,1,0,PC,0
585,10,0,PC,1
583,3,1,PC,0
462,5,0,Mobile,1
13,2,0,PC,1
530,6,0,Mobile,1
87,4,0,PC,1
14,9,0,PC,0
199,1,0,PC,0
565,4,0,Mobile,1
504,5,0,Mobile,1
321,6,0,Mobile,1
146,0,1,Mobile,0
148,10,1,PC,0
425,2,0,Mobile,1
354,8,1,PC,1
499,2,0,Mobile,1
599,9,1,PC,1
599,0,1,PC,0
284,1,0,Mobile,0
116,1,0,Mobile,1
270,6,0,PC,1
154,6,0,PC,0
328,3,1,Mobile,0
377,7,0,PC,0
25,8,1,Mobile,1
414,5,0,PC,1
184,0,1,Mobile,0
426,8,0,PC,1
332,5,1,Mobile,1
265,6,0,PC,1
97,4,0,PC,1
574,5,0,PC,1
42,9,0,PC,1
539,4,1,PC,1
115,2,1,PC,0
582,6,0,PC,1
582,1,1,PC,0
591,10,1,Mobile,1
25,9,1,PC,0
587,0,0,Mobile,0
137,2,0,PC,1
198,2,0,Mobile,1
413,2,1,Mobile,0
187,3,0,Mobile,1
468,8,1,Mobile,1
129,1,0,PC,0
600,4,1,PC,1
265,7,1,Mobile,0
232,10,1,PC,1
539,8,1,Mobile,1
462,6,1,Mobile,1
119,7,0,Mobile,0
47,3,0,PC,1
251,1,1,PC,0
486,0,1,PC,0
73,0,1,PC,0
517,6,0,Mobile,1
81,9,1,PC,1
146,10,0,Mobile,1
349,4,1,PC,1
341,10,1,Mobile,0
67,0,0,Mobile,0
314,2,0,Mobile,0
398,0,0,Mobile,1
316,3,1,Mobile,1
490,5,1,PC,1
329,2,1,Mobile,0
202,4,0,PC,0
316,0,0,Mobile,0
229,5,0,PC,1
587,0,1,PC,0
110,10,0,Mobile,0
305,1,0,PC,0
479,6,0,Mobile,1
286,10,0,PC,1
330,1,1,Mobile,0
149,0,0,Mobile,1
27,9,0,Mobile,1
507,9,1,PC,1
10,2,1,Mobile,0
277,8,1,PC,1
87,10,0,Mobile,0
210,5,1,Mobile,1
248,1,1,PC,0
582,4,0,PC,0
192,9,1,Mobile,1
177,10,0,Mobile,1
508,9,0,PC,1
464,0,0,PC,0
498,0,0,Mobile,0
426,3,1,PC,0
545,1,0,PC,0
363,9,0,Mobile,1
492,1,1,Mobile,0
44,10,0,Mobile,1
63,0,0,PC,0
114,2,0,PC,0
16,0,0,Mobile,0
366,9,1,Mobile,1
241,1,1,Mobile,0
596,1,0,Mobile,0
232,4,1,Mobile,1
452,6,0,Mobile,1
510,3,0,Mobile,1
51,0,1,PC,0
598,5,0,PC,0
60,4,1,Mobile,0
64,2,1,PC,0
397,5,1,Mobile,1
500,3,1,PC,1
28,3,1,PC,1
231,1,1,PC,0
217,6,0,Mobile,1
65,3,1,Mobile,1
267,7,0,Mobile,1
499,2,1,PC,1
285,2,0,PC,1
134,6,1,Mobile,1
34,1,1,PC,1
432,8,0,Mobile,1
92,3,1,PC,1
202,6,1,Mobile,1
120,5,1,PC,1
369,1,0,Mobile,0
340,3,0,PC,0
594,6,0,Mobile,1
184,5,1,PC,1
403,2,1,PC,0
554,9,1,PC,1
47,4,0,Mobile,0
160,9,0,Mobile,1
380,3,0,Mobile,1
451,1,0,PC,0
492,9,0,Mobile,1
342,9,0,PC,1
406,8,1,Mobile,0
262,6,1,PC,1
437,10,0,PC,1
228,10,0,PC,1
462,8,1,PC,0
595,1,1,Mobile,0
129,9,0,Mobile,1
61,8,1,PC,0
151,0,0,PC,0
389,5,1,PC,1
395,8,0,PC,0
78,0,1,PC,0
247,8,1,Mobile,1
310,7,0,PC,1
11,2,1,Mobile,1
404,8,1,PC,1
310,5,1,Mobile,0
476,5,1,Mobile,1
365,8,1,Mobile,1
123,3,1,Mobile,1
592,9,1,PC,1
504,3,0,PC,1
430,9,1,PC,1
168,7,0,PC,1
380,6,1,PC,1
433,7,1,PC,1
117,10,1,PC,0
135,1,1,PC,1
159,4,1,PC,0
195,10,1,PC,1
198,2,1,PC,0
390,0,0,Mobile,0
329,9,1,Mobile,0
201,7,1,Mobile,1
283,0,1,PC,0
258,0,1,Mobile,0
514,2,1,PC,0
175,5,0,Mobile,1
324,0,1,Mobile,0
132,7,1,Mobile,0
365,10,1,PC,1
292,5,0,Mobile,1
69,6,0,Mobile,0
134,1,1,Mobile,0
526,10,1,PC,1
117,7,1,PC,1
519,1,0,Mobile,0
23,8,1,Mobile,1
47,6,0,Mobile,1
552,6,0,Mobile,1
129,6,1,PC,1
502,4,0,Mobile,1
429,7,0,PC,1
486,9,1,PC,1
161,1,1,PC,1
537,3,0,PC,1
237,6,0,PC,1
582,10,1,PC,0
180,9,0,Mobile,1
313,9,0,PC,1
195,0,1,PC,0
125,3,0,PC,1
34,10,1,Mobile,1
64,4,0,PC,0
348,8,0,PC,0
252,6,0,PC,1
161,1,1,Mobile,0
568,7,1,Mobile,1
117,5,0,Mobile,0
263,6,1,PC,1
127,4,1,Mobile,1
144,3,0,Mobile,0
93,2,1,Mobile,0
265,6,0,Mobile,1
515,6,1,Mobile,1
531,5,0,PC,1
445,7,1,Mobile,1
406,2,1,PC,0
171,6,1,Mobile,0
158,0,1,PC,0
500,2,1,PC,0
26,3,0,Mobile,0
14,6,0,Mobile,0
585,5,1,Mobile,1
188,9,1,Mobile,0
65,1,1,PC,0
367,2,0,Mobile,0
566,4,0,Mobile,1
495,2,1,Mobile,1
188,8,1,Mobile,1
563,3,0,PC,0
295,10,0,PC,1
258,0,1,PC,0
11,2,0,Mobile,1
415,4,1,Mobile,1
133,0,1,PC,0
343,10,0,PC,1
10,7,1,PC,0
31,5,1,PC,1
184,4,0,PC,0
522,6,1,Mobile,1
365,2,1,Mobile,1
347,0,1,Mobile,0
315,1,0,Mobile,0
534,1,1,PC,0
547,0,0,Mobile,0
384,2,1,Mobile,0
297,0,1,Mobile,0
203,8,1,Mobile,1
140,2,1,PC,0
75,6,1,PC,0
94,4,0,Mobile,1
587,4,0,Mobile,1
595,1,1,Mobile,0
58,1,0,PC,0
462,1,1,Mobile,0
166,5,1,PC,1
474,8,1,PC,1
513,0,1,PC,0
460,3,1,PC,1
99,0,0,PC,0
549,6,0,Mobile,0
486,3,1,Mobile,0
241,2,0,PC,0
76,10,1,PC,1
288,0,1,Mobile,0
383,9,1,Mobile,1
119,8,1,Mobile,1
399,10,1,Mobile,0
315,3,0,Mobile,0
543,9,1,PC,0
129,5,1,Mobile,1
392,3,0,PC,1
216,7,0,Mobile,1
393,9,0,Mobile,1
422,6,0,PC,1
566,3,0,PC,0
561,4,0,Mobile,1
288,7,1,Mobile,1
87,2,1,PC,0
395,10,0,Mobile,1
172,3,0,Mobile,1
182,4,1,Mobile,1
507,4,0,Mobile,1
170,3,0,PC,0
20,8,1,PC,0
274,5,1,Mobile,1
240,4,0,Mobile,1
117,0,1,PC,0
183,6,1,PC,1
97,0,1,Mobile,0
50,5,0,Mobile,1
433,3,0,Mobile,1
400,6,0,Mobile,0
519,3,0,Mobile,0
191,9,1,PC,1
175,1,0,Mobile,1
326,4,1,PC,1
345,0,1,PC,0
483,3,1,PC,1
480,10,0,PC,1
580,2,1,PC,1
531,8,1,Mobile,1
533,10,1,PC,1
201,3,1,PC,0
572,4,1,Mobile,0
64,6,1,Mobile,1
320,8,0,PC,1
227,10,0,Mobile,1
27,7,0,PC,1
264,2,1,Mobile,1
64,1,1,Mobile,0
517,1,1,Mobile,0
584,4,0,Mobile,1
398,10,0,Mobile,1
513,6,0,PC,1
39,0,1,PC,0
561,3,0,PC,1
402,10,1,PC,1
126,3,1,PC,0
90,3,0,PC,0
94,8,1,Mobile,1
556,1,1,PC,0
564,4,0,Mobile,1
286,2,0,PC,0
249,8,1,Mobile,1
315,3,1,Mobile,0
307,5,1,Mobile,1
429,2,1,Mobile,0
284,5,1,Mobile,1
597,5,0,Mobile,1
323,4,1,Mobile,1
78,3,1,PC,0
476,5,1,Mobile,1
339,5,1,Mobile,1
98,1,1,Mobile,0
600,8,0,Mobile,1
437,4,1,PC,1
557,2,0,Mobile,1
317,5,0,PC,1
294,8,0,PC,1
66,2,0,PC,0
268,3,1,Mobile,1
295,6,0,PC,1
246,9,0,PC,1
124,0,1,PC,0
566,8,1,Mobile,1
114,8,0,Mobile,0
173,6,0,Mobile,0
253,6,1,PC,1
109,6,1,PC,0
351,1,0,Mobile,0
575,3,0,PC,0
385,8,0,Mobile,1
579,10,0,Mobile,1
285,4,1,PC,0
523,4,1,Mobile,1
457,2,0,PC,1
142,7,0,PC,0
151,10,1,Mobile,1
100,8,1,Mobile,1
469,4,1,Mobile,1
59,3,0,Mobile,1
564,8,0,PC,1
492,3,1,PC,0
570,9,1,Mobile,1
528,1,1,Mobile,0
591,4,1,PC,1
184,0,1,Mobile,0
151,6,1,Mobile,0
443,2,0,PC,0
449,4,0,Mobile,1
181,9,0,PC,1
123,6,1,PC,1
500,5,0,Mobile,1
365,10,0,PC,1
467,7,0,PC,1
146,6,1,PC,0
284,6,1,Mobile,1
352,5,1,PC,1
33,4,0,Mobile,0
134,6,1,Mobile,1
223,2,0,Mobile,1
284,3,1,PC,1
385,1,1,PC,0
432,7,0,PC,0
554,2,0,Mobile,1
248,9,0,PC,1
520,1,1,PC,0
594,3,1,Mobile,1
230,8,1,Mobile,1
486,9,1,PC,0
130,1,1,Mobile,0
274,2,0,PC,0
591,3,1,Mobile,0
327,3,1,PC,1
27,10,0,PC,1
97,4,0,Mobile,0
428,5,0,Mobile,1
90,1,1,Mobile,0
123,5,1,PC,1
459,4,1,Mobile,1
432,8,0,Mobile,1
566,9,0,Mobile,1
398,8,0,Mobile,1
547,0,1,PC,0
231,3,0,Mobile,0
536,8,1,Mobile,1
571,9,0,PC,1
131,6,0,Mobile,0
56,6,0,Mobile,0
436,5,0,Mobile,1
386,7,0,Mobile,1
551,3,1,PC,1
528,1,1,Mobile,0
435,1,0,PC,1
438,3,1,PC,0
158,0,0,PC,1
23,7,1,PC,0
463,10,1,PC,0
549,6,1,Mobile,1
72,1,1,Mobile,0
228,3,0,PC,0
525,8,1,PC,1
422,7,0,PC,1
121,4,1,PC,1
302,6,1,Mobile,0
469,8,0,PC,1
262,10,0,PC,1
511,10,0,Mobile,1
492,4,1,PC,1
202,1,0,PC,0
224,1,0,Mobile,0
468,3,1,PC,1
141,1,1,PC,0
355,7,0,PC,1
58,5,0,PC,0
426,9,0,Mobile,1
115,1,0,PC,0
186,0,0,PC,1
453,5,0,Mobile,1
96,6,0,Mobile,1
575,10,1,PC,1
581,1,1,PC,0
465,2,1,PC,1
504,10,0,PC,1
545,9,0,PC,0
253,3,0,Mobile,0
192,0,1,PC,0
405,6,0,Mobile,0
168,8,1,Mobile,1
85,7,0,Mobile,0
22,7,0,Mobile,0
269,3,1,Mobile,1
380,9,1,PC,1
35,3,1,Mobile,1
488,1,1,PC,0
302,9,0,Mobile,1
241,9,1,PC,0
153,5,1,PC,1
473,2,1,PC,1
332,9,0,Mobile,0
292,4,1,Mobile,1
286,9,1,PC,1
410,10,0,PC,1
58,3,1,PC,1
159,8,0,Mobile,1
368,1,0,PC,0
438,4,1,PC,1
287,2,1,Mobile,0
228,4,1,Mobile,1
534,1,0,Mobile,1
526,5,1,Mobile,1
305,6,0,PC,1
73,8,1,Mobile,0
361,7,0,PC,1
256,7,0,Mobile,1
520,2,1,Mobile,1
592,5,0,PC,1
136,2,1,Mobile,0
480,2,0,PC,1
416,6,1,PC,1
317,10,0,PC,1
550,5,1,Mobile,1
23,0,0,Mobile,0
545,2,0,PC,1
379,0,1,Mobile,0
512,4,0,Mobile,1
170,3,1,Mobile,0
347,6,0,Mobile,1
257,7,1,Mobile,0
247,4,0,PC,1
24,4,0,Mobile,1
593,9,0,Mobile,0
388,5,0,PC,0
347,8,1,Mobile,1
477,8,1,Mobile,1
174,1,1,Mobile,0
324,4,1,PC,1
312,2,0,Mobile,0
543,0,0,PC,0
326,8,1,PC,1
291,0,1,Mobile,0
546,7,1,Mobile,1
416,5,1,PC,1
256,4,0,PC,1
460,4,0,Mobile,1
359,9,0,Mobile,1
340,9,0,PC,1
440,3,1,Mobile,1
456,9,1,PC,1
403,4,1,Mobile,1
329,9,1,PC,1
168,4,0,PC,1
416,2,1,Mobile,0
69,7,0,Mobile,1
268,2,0,PC,0
436,1,0,PC,0
115,7,0,Mobile,0
363,5,0,PC,1
90,8,1,Mobile,1
41,10,1,Mobile,1
485,4,0,Mobile,1
459,5,1,Mobile,0
120,2,1,PC,0
319,6,1,PC,1
325,6,1,PC,1
457,5,1,Mobile,1
479,10,1,PC,1
165,8,1,PC,1
407,4,1,PC,1
304,3,1,Mobile,0
399,10,0,PC,1
430,2,1,PC,0
81,5,0,Mobile,1
36,8,1,Mobile,0
203,4,0,Mobile,1
395,0,0,Mobile,0
386,5,0,Mobile,1
296,2,1,PC,0
306,5,1,Mobile,1
239,10,1,Mobile,1
233,9,1,Mobile,0
69,8,1,PC,0
225,6,1,PC,1
175,6,1,Mobile,1
347,6,1,Mobile,1
57,4,1,PC,0
458,5,1,PC,1
321,3,0,PC,1
484,9,0,PC,1
166,1,1,Mobile,0
63,0,0,Mobile,0
99,0,1,PC,0
557,4,0,Mobile,1
196,8,0,PC,1
448,8,0,Mobile,1
488,5,1,Mobile,1
493,0,1,PC,0
234,1,0,PC,0
133,5,1,PC,1
501,1,0,Mobile,0
242,3,0,Mobile,0
286,4,0,Mobile,1
479,8,0,PC,1
578,4,0,PC,0
294,2,0,Mobile,0
427,5,0,Mobile,1
533,4,0,Mobile,1
382,2,1,Mobile,1
375,3,1,Mobile,1
33,10,1,Mobile,0
21,5,0,PC,0
327,2,1,PC,0
329,10,0,PC,1
360,2,0,PC,1
319,7,1,PC,1
320,2,0,PC,0
300,1,1,PC,0
473,2,0,PC,0
570,3,1,PC,0
500,1,0,PC,0
115,1,1,PC,0
585,3,0,PC,0
176,10,1,PC,1
420,4,1,PC,0
437,0,0,Mobile,0
554,2,0,Mobile,1
359,7,1,PC,1
431,5,0,Mobile,1
549,7,0,PC,1
323,7,1,PC,1
50,7,1,PC,0
486,7,0,PC,1
564,3,0,Mobile,0
234,0,1,PC,0
340,5,0,Mobile,1
39,0,1,Mobile,0
546,4,1,PC,1
432,10,0,Mobile,1
585,8,0,PC,1
230,4,0,Mobile,1
104,9,0,PC,1
474,1,1,Mobile,0
510,2,1,Mobile,1
560,2,0,Mobile,0
200,9,0,PC,1
365,10,0,PC,1
238,5,1,PC,1
306,7,1,PC,1
19,3,0,PC,1
326,5,0,PC,1
414,4,1,Mobile,0
286,9,0,Mobile,1
598,10,0,PC,1
88,7,1,PC,0
214,0,1,PC,0
223,3,0,PC,0
199,0,1,Mobile,0
270,10,0,Mobile,1
262,3,1,Mobile,1
362,4,1,PC,1
477,2,1,Mobile,0
144,1,1,PC,0
131,6,0,PC,1
487,10,0,Mobile,1
410,4,0,PC,1
437,7,1,Mobile,1
84,6,0,Mobile,0
378,4,1,Mobile,1
566,9,1,PC,1
262,2,1,Mobile,0
371,10,1,Mobile,1
218,4,0,PC,1
457,1,1,Mobile,0
471,4,0,Mobile,1
506,6,1,Mobile,1
228,3,0,PC,1
492,0,0,Mobile,0
92,5,0,Mobile,0
178,10,0,Mobile,1
265,1,1,PC,0
15,9,1,PC,0
137,5,1,PC,1
254,8,0,PC,1
209,7,1,PC,1
560,4,1,Mobile,1
228,6,1,Mobile,1
523,1,1,PC,0
321,5,0,Mobile,1
503,2,0,Mobile,0
440,1,1,Mobile,0
520,3,0,Mobile,0
248,2,0,Mobile,1
488,10,1,PC,1
233,1,0,Mobile,0
171,5,1,PC,1
189,4,1,PC,1
12,10,0,PC,1
385,1,0,PC,0
467,1,1,Mobile,1
427,8,1,Mobile,1
112,0,1,Mobile,0
93,3,1,Mobile,1
255,10,1,PC,1
136,8,0,PC,1
309,4,0,PC,0
563,5,0,PC,1
183,10,1,PC,1
36,8,0,Mobile,1
571,9,0,Mobile,1
465,5,1,Mobile,1
287,8,0,PC,1
574,2,0,PC,0
469,0,0,PC,0
155,8,0,PC,1
328,8,1,PC,1
285,7,0,Mobile,1
230,5,0,Mobile,1
132,10,1,PC,1
34,7,0,PC,0
563,6,1,Mobile,1
521,10,1,Mobile,1
456,9,1,Mobile,1
386,9,1,Mobile,1
295,8,0,PC,0
284,6,1,Mobile,1
214,3,0,PC,1
109,6,0,PC,1
460,9,0,Mobile,0
528,10,0,PC,0
520,4,0,PC,1
440,9,1,PC,1
291,6,0,PC,1
34,1,0,PC,0
568,8,1,PC,1
414,4,1,Mobile,1
36,8,1,Mobile,1
436,2,1,PC,1
13,9,1,Mobile,1
552,4,0,Mobile,1
448,7,1,PC,1
564,8,1,Mobile,1
358,8,1,PC,1
297,9,0,PC,1
381,2,1,Mobile,0
547,9,0,Mobile,1
570,7,0,Mobile,1
502,0,0,PC,0
598,4,0,Mobile,1
474,7,0,Mobile,1
586,6,1,Mobile,1
21,9,0,Mobile,1
397,3,1,PC,0
42,3,1,PC,0
533,3,0,Mobile,0
340,0,0,PC,0
347,10,1,PC,1
459,3,1,Mobile,1
384,0,0,PC,0
392,0,0,PC,0
498,4,1,PC,1
501,6,1,PC,1
548,0,1,Mobile,0
319,2,1,Mobile,0
185,4,0,PC,1
548,3,1,Mobile,0
148,10,0,Mobile,1
336,4,1,PC,1
160,9,0,Mobile,1
32,2,1,PC,0
458,0,1,PC,0
103,1,0,PC,0
418,1,1,PC,0
27,2,1,Mobile,0
287,9,0,Mobile,1
231,9,0,Mobile,1
34,1,0,Mobile,0
377,9,0,Mobile,1
576,0,0,Mobile,0
220,7,1,Mobile,1
514,4,1,Mobile,1
427,1,1,PC,0
520,10,1,Mobile,1
551,2,1,PC,0
99,6,1,Mobile,1
550,3,1,PC,1
104,7,0,PC,0
139,7,1,Mobile,1
259,0,0,Mobile,0
536,5,0,PC,1
166,9,1,PC,1
197,5,0,Mobile,1
519,2,0,PC,1
476,8,0,PC,0
447,0,0,PC,0
52,2,1,PC,0
390,7,0,PC,1
47,4,0,PC,0
67,0,1,Mobile,0
216,4,0,Mobile,1
122,4,1,Mobile,1
316,4,0,PC,1
95,4,0,Mobile,1
547,8,1,Mobile,1
537,0,1,Mobile,0
150,0,1,Mobile,0
201,3,0,Mobile,0
52,7,1,PC,0
531,1,1,PC,0
41,8,0,PC,1
73,9,1,PC,0
561,7,1,PC,1
320,7,1,PC,1
300,0,0,Mobile,0
286,10,1,PC,1
331,5,1,Mobile,1
554,0,1,PC,0
72,2,1,PC,1
267,2,0,Mobile,0
440,10,0,Mobile,1
10,3,1,Mobile,0
470,3,0,Mobile,1
551,2,0,Mobile,0
275,5,1,PC,1
265,4,0,PC,1
27,1,0,PC,0
257,5,0,Mobile,1
143,9,0,Mobile,1
449,10,1,PC,0
449,5,1,PC,1
198,3,1,Mobile,0
151,8,1,PC,1
323,9,1,Mobile,1
582,10,0,PC,1
490,10,0,Mobile,1
46,4,1,PC,0
292,9,1,PC,1
445,3,1,PC,1
39,8,0,PC,0
356,2,1,PC,0
424,9,0,PC,1
329,7,1,PC,1
296,4,0,Mobile,1
437,10,0,PC,1
561,3,0,PC,0
383,7,0,PC,0
52,7,1,PC,1
274,4,0,PC,0
560,6,1,PC,1
231,10,1,Mobile,0
65,4,1,PC,1
154,0,1,Mobile,0
30,8,0,Mobile,1
41,3,1,PC,0
351,6,1,PC,0
286,4,0,Mobile,1
170,5,1,Mobile,1
105,6,0,PC,0
107,2,1,Mobile,0
486,7,1,Mobile,1
153,2,1,Mobile,0
410,2,1,Mobile,1
356,10,0,Mobile,1
504,1,0,Mobile,0
142,1,1,Mobile,0
246,3,0,Mobile,0
24,5,0,Mobile,1
184,9,0,Mobile,1
599,1,0,Mobile,0
257,4,1,Mobile,1
526,9,0,Mobile,1
186,7,1,Mobile,1
522,5,0,PC,1
44,2,0,Mobile,0
192,7,0,Mobile,1
120,8,1,PC,1
577,5,0,Mobile,1
380,2,1,PC,0
399,7,1,PC,1
39,4,0,PC,0
18,4,0,Mobile,0
499,0,0,Mobile,0
314,8,1,PC,1
68,2,0,PC,0
118,10,1,PC,1
403,6,0,Mobile,1
283,3,1,Mobile,0
161,5,0,Mobile,1
122,0,1,Mobile,0
330,5,0,Mobile,1
163,3,1,PC,0
533,7,1,PC,1
496,1,1,Mobile,0
102,5,1,Mobile,0
11,5,0,Mobile,0
482,5,0,Mobile,1
380,5,0,Mobile,1
224,8,0,Mobile,1
451,3,0,PC,0
152,8,0,Mobile,1
253,9,1,Mobile,1
187,0,0,PC,0
518,2,1,Mobile,0
573,7,0,Mobile,1
302,8,0,PC,1
308,7,0,Mobile,1
207,2,0,Mobile,1
367,8,1,Mobile,0
196,3,1,PC,0
197,3,0,PC,1
440,6,0,Mobile,1
30,1,0,Mobile,0
45,6,0,PC,1
155,2,1,PC,0
191,10,1,Mobile,1
578,7,1,Mobile,1
169,6,1,Mobile,1
474,6,1,PC,1
147,0,0,PC,0
152,4,1,PC,1
446,2,0,Mobile,0
501,8,1,Mobile,1
92,1,1,Mobile,0
156,2,1,Mobile,0
211,8,0,Mobile,1
53,9,1,PC,0
329,4,1,Mobile,1
373,0,1,PC,1
422,4,0,Mobile,1
109,4,1,PC,0
244,10,0,Mobile,0
361,0,1,PC,0
148,5,1,PC,0
453,3,0,PC,1
296,10,1,Mobile,1
21,10,1,Mobile,1
433,4,0,Mobile,1
493,6,1,Mobile,1
242,0,0,PC,0
236,2,1,Mobile,1
425,8,1,Mobile,1
111,9,1,Mobile,1
452,10,0,PC,1
76,9,1,PC,1
464,1,0,Mobile,0
581,2,1,Mobile,0
243,3,0,Mobile,0
122,4,0,Mobile,1
358,4,1,PC,1
442,8,0,Mobile,0
243,3,0,PC,1
63,8,1,Mobile,0
570,1,1,Mobile,0
335,0,0,PC,0
26,3,0,Mobile,0
74,10,0,PC,1
427,2,1,Mobile,1
106,2,0,Mobile,1
340,3,1,PC,0
26,7,0,PC,0
297,9,0,Mobile,1
317,10,0,Mobile,1
25,8,1,PC,0
534,10,0,Mobile,1
525,1,1,Mobile,0
549,4,0,PC,1
320,9,0,PC,1
311,5,0,PC,1
164,7,1,Mobile,1
356,9,0,PC,1
367,2,1,PC,1
565,2,1,PC,1
409,8,1,Mobile,1
393,2,1,PC,0
397,9,1,Mobile,1
412,8,1,PC,1
438,2,1,PC,0
126,7,0,Mobile,1
383,4,0,PC,1
170,7,1,Mobile,1
278,8,0,PC,1
154,8,0,PC,0
348,6,1,PC,0
408,8,0,Mobile,1
187,5,1,PC,0
563,10,0,Mobile,1
362,8,0,PC,0
136,5,1,Mobile,1
313,7,1,PC,1
278,4,1,Mobile,0
373,2,1,PC,1
195,9,0,PC,1
199,7,0,PC,1
283,3,0,Mobile,1
274,8,1,PC,1
130,1,1,PC,0
390,8,0,Mobile,1
18,3,1,PC,0
501,10,1,Mobile,1
571,3,1,Mobile,0
519,7,0,PC,1
175,10,1,Mobile,1
68,3,0,Mobile,1
215,5,1,Mobile,1
428,0,0,Mobile,0
103,0,0,Mobile,0
435,2,0,PC,1
326,7,1,PC,1
142,2,0,Mobile,0
286,3,0,Mobile,0
329,0,1,PC,0
461,2,0,Mobile,0
273,2,1,PC,1
13,0,0,Mobile,0
426,9,1,PC,1
49,8,1,PC,0
568,4,0,Mobile,0
239,3,1,Mobile,1
436,5,0,PC,1
220,3,1,PC,1
499,3,1,PC,0
213,9,0,Mobile,1
511,7,0,PC,1
316,4,1,Mobile,1
126,3,1,Mobile,0
535,5,1,PC,1
490,7,1,PC,1
586,3,1,PC,0
248,6,0,Mobile,1
558,2,0,PC,0
137,0,1,PC,0
252,2,0,PC,0
577,0,1,Mobile,0
483,4,0,PC,1
411,9,0,Mobile,0
390,3,0,PC,0
597,0,1,Mobile,0
428,5,0,PC,1
19,2,0,Mobile,1
106,3,0,Mobile,1
373,8,0,PC,1
377,6,1,PC,1
528,10,0,PC,1
132,5,1,Mobile,1
400,10,1,PC,1
309,2,1,Mobile,1
363,8,1,PC,1
187,10,0,Mobile,0
292,3,1,PC,0
594,2,1,PC,0
182,9,0,PC,1
77,8,1,PC,0
565,2,1,Mobile,1
29,6,0,PC,0
193,0,1,Mobile,0
332,3,1,PC,1
433,10,1,PC,1
399,6,0,PC,1
549,5,0,PC,1
41,2,1,Mobile,1
109,0,0,PC,0
574,2,1,PC,0
511,2,1,Mobile,0
242,0,1,PC,0
430,1,0,PC,0
409,6,0,PC,1
397,8,0,PC,1
418,6,1,Mobile,1
411,5,0,Mobile,1
16,5,0,Mobile,0
340,9,0,PC,1
265,8,0,Mobile,1
14,7,1,PC,1
168,5,1,Mobile,1
538,9,1,Mobile,1
165,3,1,Mobile,1
64,8,0,PC,1
41,5,0,PC,0
212,9,1,PC,0
280,10,1,PC,1
33,6,1,Mobile,1
513,4,0,PC,1
226,9,0,Mobile,1
339,5,0,PC,0
533,2,1,Mobile,0
327,1,0,Mobile,0
71,2,1,Mobile,1
95,4,0,PC,0
111,0,1,Mobile,1
80,0,1,PC,0
526,4,0,PC,0
323,0,1,PC,0
536,6,1,Mobile,1
382,4,1,Mobile,1
565,5,1,Mobile,1
592,1,0,PC,0
222,10,0,Mobile,1
487,1,0,PC,0
356,2,0,Mobile,0
361,1,0,Mobile,0
219,6,0,PC,1
580,5,0,PC,1
251,10,0,PC,1
385,6,1,PC,0
537,1,1,Mobile,0
476,2,0,Mobile,0
522,7,0,PC,1
362,1,0,PC,1
143,3,0,PC,1
280,10,1,PC,1
248,7,1,Mobile,1
266,6,1,Mobile,1
332,1,0,Mobile,0
326,7,0,Mobile,1
360,7,0,PC,1
74,9,0,Mobile,0
528,8,1,PC,0
150,5,1,PC,1
253,2,1,Mobile,0
402,1,1,Mobile,0
422,9,0,PC,1
210,0,0,PC,0
25,5,0,PC,0
563,2,0,PC,0
69,3,0,PC,0
58,2,0,PC,1
466,7,1,Mobile,1
284,8,1,PC,1
548,0,1,PC,0
366,10,0,Mobile,1
415,2,0,PC,0
56,7,1,PC,1
355,7,0,Mobile,1
207,9,1,PC,1
103,6,1,PC,1
109,10,0,Mobile,1
289,10,0,Mobile,1
98,6,1,PC,1
393,7,0,PC,1
374,10,1,Mobile,1
579,9,0,Mobile,1
295,6,1,PC,1
126,3,1,PC,0
325,6,1,PC,1
343,9,0,PC,0
101,10,1,PC,1
252,0,0,PC,0
570,8,1,PC,0
83,2,0,Mobile,0
18,4,0,PC,1
558,10,0,Mobile,1
477,8,0,Mobile,1
115,3,1,PC,0
409,4,0,PC,1
59,3,1,Mobile,1
363,2,0,Mobile,1
449,0,1,Mobile,0
149,5,1,PC,1
582,9,1,PC,0
272,3,0,Mobile,1
197,9,1,PC,1
327,8,0,PC,1
240,4,0,PC,1
470,2,1,Mobile,0
343,8,1,Mobile,1
160,10,1,PC,0
502,1,0,Mobile,0
57,7,1,PC,0
505,3,0,PC,0
232,1,0,Mobile,0
135,4,0,PC,1
86,10,0,PC,1
85,5,1,PC,0
476,10,0,PC,1
409,7,0,PC,1
569,9,1,PC,1
49,0,0,Mobile,0
261,2,0,Mobile,0
61,1,0,PC,0
460,1,0,PC,0
287,2,0,PC,0
442,6,0,PC,1
589,1,0,PC,0
265,5,1,PC,1
307,1,0,PC,0
442,2,0,PC,0
289,1,1,PC,0
338,9,0,Mobile,1
70,4,0,PC,0
64,8,1,Mobile,1
441,2,1,Mobile,1
427,7,0,PC,1
285,4,0,Mobile,1
407,9,1,PC,1
19,8,1,Mobile,0
157,2,1,PC,0
142,9,1,Mobile,1
393,0,1,PC,0
283,0,0,Mobile,0
477,4,0,Mobile,1
508,5,1,PC,1
296,5,0,Mobile,1
55,8,0,PC,0
61,0,1,PC,0
270,7,1,Mobile,0
256,0,0,PC,0
135,10,1,PC,1
71,1,0,Mobile,0
463,6,0,Mobile,1
415,7,1,Mobile,1
253,8,1,Mobile,1
530,4,0,PC,1
517,9,0,Mobile,1
44,1,0,Mobile,0
518,4,0,PC,0
538,8,1,PC,1
96,9,1,Mobile,0
201,9,0,PC,1
487,3,1,PC,0
157,5,1,Mobile,1
58,5,0,PC,0
122,5,0,PC,1
286,6,0,PC,1
55,1,1,PC,0
480,1,0,PC,0
467,6,0,PC,0
229,10,0,PC,1
74,5,1,Mobile,1
200,10,1,PC,1
309,4,0,PC,1
136,8,1,PC,1
318,10,1,PC,0
285,9,0,Mobile,1
575,3,1,PC,0
141,4,0,PC,1
340,2,1,Mobile,0
316,0,0,Mobile,0
582,10,1,PC,0
332,6,0,Mobile,1
496,3,1,PC,0
355,0,1,Mobile,0
487,2,0,PC,0
491,10,1,PC,1
529,9,0,PC,0
185,5,1,PC,1
161,4,0,Mobile,1
39,0,1,PC,0
218,9,1,PC,1
160,0,1,PC,1
391,4,1,PC,1
469,3,0,Mobile,1
86,7,0,Mobile,1
447,0,0,Mobile,0
474,8,1,Mobile,1
72,0,0,PC,0
171,4,1,PC,0
584,2,1,Mobile,0
187,7,1,Mobile,1
212,8,1,Mobile,1
188,9,1,PC,1
248,3,0,Mobile,0
322,0,1,PC,0
202,8,0,Mobile,1
427,1,0,Mobile,0
178,0,1,Mobile,0
434,5,0,PC,1
53,5,1,Mobile,1
294,10,1,PC,0
455,1,0,PC,0
210,9,0,Mobile,1
55,7,1,PC,0
279,5,0,PC,1
78,0,0,Mobile,0
403,6,1,Mobile,1
482,6,1,Mobile,1
151,2,0,PC,1
66,5,1,PC,1
484,10,0,PC,1
492,10,1,Mobile,1
33,5,1,Mobile,1
238,0,0,PC,0
412,4,0,PC,0
54,2,1,Mobile,1
82,7,0,PC,0
184,6,0,Mobile,1
172,5,0,Mobile,1
308,8,0,PC,0
544,5,1,Mobile,1
460,1,0,PC,0
281,6,1,PC,0
354,5,1,PC,1
477,3,0,PC,1
432,10,1,Mobile,0
253,10,1,Mobile,1
225,5,0,PC,1
88,3,0,PC,0
47,0,0,Mobile,0
505,4,0,PC,1
123,10,0,PC,1
458,8,0,PC,1
473,2,0,PC,0
570,8,1,Mobile,1
520,4,0,PC,1
53,7,0,Mobile,1
461,10,0,Mobile,0
14,8,1,PC,1
81,3,0,Mobile,0
119,0,1,Mobile,0
117,4,0,PC,0
163,4,0,PC,1
42,1,0,PC,0
300,1,1,Mobile,0
472,4,1,Mobile,1
232,3,0,PC,1
509,3,0,Mobile,0
479,3,0,PC,0
451,8,1,Mobile,1
504,7,1,Mobile,1
163,6,1,PC,1
256,4,0,PC,1
414,6,1,PC,1
212,6,1,PC,1
303,6,0,PC,1
154,5,1,Mobile,1
516,3,0,Mobile,0
238,6,1,PC,1
594,8,1,PC,0
338,9,1,Mobile,1
412,6,0,Mobile,1
88,9,1,PC,0
16,2,1,PC,1
303,4,0,PC,0
505,1,0,Mobile,0
155,7,1,Mobile,1
481,10,1,Mobile,1
27,2,0,PC,0
551,9,1,PC,1
366,2,0,Mobile,1
549,0,0,Mobile,0
258,5,1,Mobile,1
173,0,1,PC,0
470,9,0,PC,1
527,0,0,Mobile,0
293,0,0,PC,1
123,7,0,Mobile,0
316,9,0,Mobile,1
408,5,0,PC,1
139,6,0,Mobile,0
443,8,0,PC,1
516,8,0,PC,1
120,6,1,PC,0
540,8,0,PC,1
251,9,1,PC,1
252,8,0,PC,1
411,1,1,Mobile,0
149,6,1,Mobile,1
73,4,0,Mobile,1
399,2,0,PC,0
519,9,0,Mobile,1
35,10,1,PC,0
242,10,1,PC,1
284,9,1,PC,1
195,8,1,Mobile,1
257,7,1,PC,1
588,6,0,PC,1
464,1,0,PC,0
377,5,1,PC,1
389,10,1,PC,1
386,6,1,PC,1
593,7,0,Mobile,1
569,3,1,Mobile,0
421,10,1,Mobile,1
484,0,1,PC,0
181,7,1,PC,0
587,2,1,Mobile,0
451,4,1,Mobile,1
181,6,0,PC,1
161,8,1,PC,1
111,7,1,PC,0
377,1,1,PC,0
538,7,1,Mobile,0
138,0,1,Mobile,0
274,9,0,Mobile,0
357,10,1,Mobile,1
596,4,0,PC,1
311,3,0,PC,0
221,1,0,Mobile,0
256,2,1,Mobile,1
33,3,1,Mobile,0
562,10,0,PC,1
61,10,0,Mobile,0
420,0,0,PC,0
160,1,1,Mobile,0
144,6,0,PC,1
322,2,0,PC,0
192,8,1,PC,1
147,1,1,PC,0
347,3,1,PC,0
70,3,0,PC,0
577,3,1,Mobile,0
151,0,0,PC,0
234,4,1,Mobile,1
218,5,0,Mobile,1
76,4,0,Mobile,0
16,9,1,Mobile,1
220,5,0,Mobile,0
492,3,1,Mobile,0
590,5,1,PC,1
35,6,0,Mobile,0
99,2,0,PC,0
442,8,0,PC,1
576,6,1,Mobile,1
561,9,0,Mobile,1
170,5,0,PC,1
167,2,0,PC,0
576,0,1,Mobile,0
314,0,0,Mobile,0
227,9,1,Mobile,1
180,5,0,Mobile,0
436,2,1,PC,1
571,0,1,PC,0
244,2,1,Mobile,0
491,9,1,Mobile,1
227,1,1,Mobile,0
287,0,1,Mobile,0
388,10,0,Mobile,1
470,2,0,Mobile,0
193,3,1,PC,1
287,0,1,Mobile,0
542,5,1,Mobile,1
221,6,1,PC,1
353,6,0,Mobile,1
448,1,0,Mobile,0
565,5,1,PC,0
324,5,1,Mobile,1
409,2,0,Mobile,1
363,0,1,PC,0
148,2,1,PC,1
483,2,1,Mobile,0
477,8,1,Mobile,1
320,2,0,PC,1
533,2,1,Mobile,1
406,0,1,Mobile,0
251,9,0,Mobile,1
360,3,0,PC,0
542,4,0,Mobile,1
408,1,1,PC,0
295,9,1,Mobile,0
67,0,1,Mobile,0
201,1,1,PC,0
295,1,1,Mobile,0
487,6,0,PC,1
550,3,1,Mobile,0
231,9,0,Mobile,1
143,1,0,Mobile,1
366,3,1,PC,0
332,5,0,PC,1
329,3,1,Mobile,0
323,7,0,Mobile,1
598,2,0,Mobile,0
561,2,0,Mobile,0
247,7,1,PC,1
289,6,1,Mobile,1
134,6,1,Mobile,1
218,1,1,PC,0
247,10,0,Mobile,1
540,9,1,Mobile,1
339,6,0,Mobile,1
188,10,1,Mobile,1
373,10,0,Mobile,1
370,10,1,Mobile,1
158,4,0,PC,1
528,1,0,Mobile,0
198,1,0,Mobile,0
158,6,0,PC,1
427,8,1,PC,0
224,10,1,PC,1
201,0,1,PC,0
50,8,0,PC,0
411,6,0,PC,1
315,4,1,Mobile,1
598,5,1,PC,1
394,6,1,PC,1
49,5,0,PC,1
111,8,1,PC,0
363,10,0,Mobile,1
510,6,1,Mobile,1
228,3,1,Mobile,0
205,0,1,PC,0
511,6,1,PC,1
237,3,1,PC,0
135,9,0,Mobile,1
253,0,0,PC,0
68,5,1,Mobile,1
194,5,0,Mobile,1
581,4,1,Mobile,1
242,8,0,PC,1
237,5,0,PC,1
